mechanism,rate,split,seed,top1_model,top1_auroc,top2_model,top2_auroc,gap
MAR,0.0,S1,1001,xgb,0.9600384894535464,rf,0.9517452509750148,0.008293238478531584
MAR,0.0,S1,1002,xgb,0.9550617483457096,extratrees,0.9493766327872983,0.0056851155584112245
MAR,0.0,S1,1003,xgb,0.9533960065247978,rf,0.9511291524128351,0.0022668541119627017
MAR,0.0,S1,1004,xgb,0.9555144604829993,extratrees,0.9509019326956581,0.004612527787341114
MAR,0.0,S1,1005,xgb,0.9579001868186763,extratrees,0.9505889094573263,0.007311277361349955
MAR,0.0,S1,1006,xgb,0.957176169270849,extratrees,0.9511864839365176,0.005989685334331418
MAR,0.0,S1,1007,xgb,0.9573386463856224,rf,0.9521714226294495,0.005167223756172845
MAR,0.0,S1,1008,xgb,0.9516985525752559,rf,0.9486893203306593,0.0030092322445965936
MAR,0.0,S1,1009,xgb,0.9581727656373541,rf,0.9507452238138777,0.00742754182347638
MAR,0.0,S1,1010,xgb,0.9523843870763748,extratrees,0.950210864239998,0.00217352283637684
MAR,0.0,S1,1011,xgb,0.9544375251639947,rf,0.9490058435961627,0.005431681567832025
MAR,0.0,S1,1012,xgb,0.9567830059632003,rf,0.9498715441156496,0.006911461847550759
MAR,0.0,S1,1013,xgb,0.9564389419165785,rf,0.9507423072068086,0.005696634709769888
MAR,0.0,S1,1014,xgb,0.9544847984862613,rf,0.9525366068208732,0.001948191665388177
MAR,0.0,S1,1015,xgb,0.9543621776080237,extratrees,0.9495521319797234,0.00481004562830023
MAR,0.0,S1,1016,xgb,0.9544051784842607,extratrees,0.9502716844260986,0.004133494058162102
MAR,0.0,S1,1017,xgb,0.9581064042925757,extratrees,0.9498940874438857,0.008212316848689949
MAR,0.0,S1,1018,xgb,0.9559385272454024,rf,0.948994936705305,0.006943590540097411
MAR,0.0,S1,1019,xgb,0.960275807411079,rf,0.9507031541306208,0.009572653280458199
MAR,0.0,S1,1020,xgb,0.9552839155340621,rf,0.9504970534726725,0.004786862061389563
MAR,0.0,S2,1001,xgb,0.9575756732180458,extratrees,0.9466189970212859,0.010956676196759885
MAR,0.0,S2,1002,xgb,0.9556778162288098,rf,0.9493668972234133,0.006310919005396487
MAR,0.0,S2,1003,xgb,0.9570175299972792,rf,0.9487448222789456,0.00827270771833355
MAR,0.0,S2,1004,xgb,0.9554435685130205,rf,0.9507868502472464,0.0046567182657740736
MAR,0.0,S2,1005,xgb,0.9574439560358007,rf,0.9516789153913191,0.005765040644481578
MAR,0.0,S2,1006,xgb,0.9538152843972177,rf,0.9494840607215206,0.00433122367569716
MAR,0.0,S2,1007,xgb,0.957602446864475,rf,0.9494855057516386,0.008116941112836451
MAR,0.0,S2,1008,xgb,0.9568999956244472,rf,0.9474312804940148,0.009468715130432348
MAR,0.0,S2,1009,xgb,0.9565586085605986,rf,0.9499651733909303,0.00659343516966826
MAR,0.0,S2,1010,xgb,0.9585421807235592,extratrees,0.948325868431585,0.010216312291974283
MAR,0.0,S2,1011,xgb,0.9566203155412056,extratrees,0.9481265139843508,0.008493801556854863
MAR,0.0,S2,1012,xgb,0.9527895192510186,extratrees,0.948171125140153,0.00461839411086562
MAR,0.0,S2,1013,xgb,0.9588901979371489,extratrees,0.9514537354449086,0.007436462492240281
MAR,0.0,S2,1014,xgb,0.95592632211658,rf,0.9492537688399263,0.0066725532766537254
MAR,0.0,S2,1015,xgb,0.9562690215866511,extratrees,0.946373658502686,0.009895363083965103
MAR,0.0,S2,1016,xgb,0.9588392574046065,extratrees,0.9487013037975046,0.010137953607101902
MAR,0.0,S2,1017,xgb,0.9585855573469606,rf,0.9513151350293333,0.007270422317627312
MAR,0.0,S2,1018,xgb,0.9563580573387547,rf,0.9490359347447315,0.007322122594023206
MAR,0.0,S2,1019,xgb,0.9581669660773142,rf,0.9493444817258727,0.008822484351441506
MAR,0.0,S2,1020,xgb,0.9557001805864527,rf,0.9499417211668906,0.005758459419562101
MAR,0.05,S1,1001,xgb,0.9537144863613942,extratrees,0.9469835781231591,0.006730908238235078
MAR,0.05,S1,1002,xgb,0.9521841663797221,extratrees,0.9429255970981126,0.009258569281609508
MAR,0.05,S1,1003,extratrees,0.9471184330804017,xgb,0.9465868376840975,0.0005315953963042075
MAR,0.05,S1,1004,xgb,0.9500526514632197,rf,0.9491555594798236,0.0008970919833961588
MAR,0.05,S1,1005,xgb,0.953671443734752,extratrees,0.9475165017931836,0.006154941941568404
MAR,0.05,S1,1006,xgb,0.9494041819179786,rf,0.9448321416277965,0.0045720402901821
MAR,0.05,S1,1007,xgb,0.9491279148992398,extratrees,0.9474319536435578,0.0016959612556819437
MAR,0.05,S1,1008,xgb,0.9479060586667429,rf,0.9449019267733128,0.003004131893430184
MAR,0.05,S1,1009,xgb,0.9519650121079707,extratrees,0.9444809547454236,0.007484057362547092
MAR,0.05,S1,1010,xgb,0.9485976198556176,extratrees,0.9467614955159961,0.0018361243396215476
MAR,0.05,S1,1011,extratrees,0.9488807023631324,xgb,0.948210189982898,0.0006705123802344115
MAR,0.05,S1,1012,xgb,0.9542451769638769,extratrees,0.9454314227496001,0.00881375421427677
MAR,0.05,S1,1013,xgb,0.9495324501332701,extratrees,0.9457228969613375,0.003809553171932656
MAR,0.05,S1,1014,rf,0.949551485643142,xgb,0.949476302439787,7.518320335497819e-05
MAR,0.05,S1,1015,xgb,0.9475930576852521,extratrees,0.9438809469338697,0.003712110751382447
MAR,0.05,S1,1016,xgb,0.9502936786674223,extratrees,0.9454649489977504,0.004828729669671961
MAR,0.05,S1,1017,xgb,0.9531821405355752,rf,0.9462885021817584,0.006893638353816733
MAR,0.05,S1,1018,xgb,0.9524770631126428,extratrees,0.9456114641944658,0.006865598918176952
MAR,0.05,S1,1019,xgb,0.9548839848430593,extratrees,0.9471730830702881,0.007710901772771117
MAR,0.05,S1,1020,xgb,0.9520156391076429,extratrees,0.9468597750456785,0.0051558640619643326
MAR,0.05,S2,1001,xgb,0.9537723384106723,extratrees,0.9472734246827615,0.006498913727910782
MAR,0.05,S2,1002,xgb,0.951710228145188,extratrees,0.9430325165804522,0.008677711564735846
MAR,0.05,S2,1003,xgb,0.9538550781006722,extratrees,0.9465257095271549,0.007329368573517292
MAR,0.05,S2,1004,xgb,0.9488864779878341,extratrees,0.9447750469461376,0.004111431041696534
MAR,0.05,S2,1005,xgb,0.9530504097619911,extratrees,0.9470732284874241,0.005977181274566923
MAR,0.05,S2,1006,xgb,0.9499736460189677,extratrees,0.9452028282133587,0.004770817805609062
MAR,0.05,S2,1007,xgb,0.951901101990339,rf,0.9422878206184894,0.00961328137184958
MAR,0.05,S2,1008,xgb,0.9528296690099163,extratrees,0.946118068599672,0.006711600410244323
MAR,0.05,S2,1009,xgb,0.9509495082367344,rf,0.9436895534448274,0.007259954791906997
MAR,0.05,S2,1010,xgb,0.9505176042036869,rf,0.9426948355224326,0.00782276868125431
MAR,0.05,S2,1011,xgb,0.9539927252376188,rf,0.9462156166053104,0.007777108632308405
MAR,0.05,S2,1012,xgb,0.9464164189796559,extratrees,0.9447075066287954,0.0017089123508604587
MAR,0.05,S2,1013,xgb,0.9548831639498617,rf,0.9465179316694037,0.008365232280458046
MAR,0.05,S2,1014,xgb,0.9529229019182648,extratrees,0.9452694597570354,0.007653442161229429
MAR,0.05,S2,1015,xgb,0.9522713080363975,rf,0.9453555544227378,0.006915753613659703
MAR,0.05,S2,1016,xgb,0.9522528125328241,rf,0.94526308927339,0.006989723259434144
MAR,0.05,S2,1017,xgb,0.9545319582921623,rf,0.94630063614457,0.008231322147592257
MAR,0.05,S2,1018,xgb,0.9472049865239681,rf,0.9415963239012252,0.005608662622742955
MAR,0.05,S2,1019,xgb,0.9573046493082037,rf,0.9474307591436549,0.00987389016454876
MAR,0.05,S2,1020,xgb,0.9515310502065428,extratrees,0.9460447223245673,0.005486327881975561
MAR,0.1,S1,1001,xgb,0.9499476079627254,extratrees,0.9452388533575175,0.004708754605207921
MAR,0.1,S1,1002,xgb,0.9466753895770943,extratrees,0.9429429150732848,0.0037324745038095353
MAR,0.1,S1,1003,xgb,0.9446531494280646,rf,0.9436744372071327,0.000978712220931821
MAR,0.1,S1,1004,xgb,0.9439355857200209,rf,0.9400789762053481,0.003856609514672815
MAR,0.1,S1,1005,xgb,0.9496754796931473,extratrees,0.9423224718640911,0.007353007829056124
MAR,0.1,S1,1006,xgb,0.9415970937662287,extratrees,0.9397396575067877,0.0018574362594410143
MAR,0.1,S1,1007,xgb,0.9468763243261826,extratrees,0.9422750779497416,0.004601246376440993
MAR,0.1,S1,1008,xgb,0.944541372560564,extratrees,0.9394309002426017,0.005110472317962356
MAR,0.1,S1,1009,xgb,0.9445689627352483,extratrees,0.9413156694660776,0.003253293269170676
MAR,0.1,S1,1010,xgb,0.9473934815539831,extratrees,0.9446404257167396,0.002753055837243501
MAR,0.1,S1,1011,xgb,0.949097392750657,extratrees,0.9435728712847862,0.005524521465870791
MAR,0.1,S1,1012,xgb,0.9508424891068529,extratrees,0.942609721828715,0.00823276727813782
MAR,0.1,S1,1013,xgb,0.9476878332090607,extratrees,0.9413986562294934,0.006289176979567324
MAR,0.1,S1,1014,xgb,0.9441838635069694,extratrees,0.9393264776871912,0.004857385819778126
MAR,0.1,S1,1015,xgb,0.9430664943123919,rf,0.9392275174513787,0.003838976861013199
MAR,0.1,S1,1016,xgb,0.9472510122639776,extratrees,0.945850067610517,0.001400944653460523
MAR,0.1,S1,1017,xgb,0.9458692686832368,rf,0.9405189657428563,0.005350302940380525
MAR,0.1,S1,1018,xgb,0.9485074639845565,extratrees,0.9445891002729885,0.0039183637115680625
MAR,0.1,S1,1019,xgb,0.953153048247479,extratrees,0.9416531646463419,0.011499883601137184
MAR,0.1,S1,1020,xgb,0.9464219389263476,extratrees,0.9448767810723968,0.0015451578539508182
MAR,0.1,S2,1001,xgb,0.949044412516369,extratrees,0.9414884455841955,0.007555966932173419
MAR,0.1,S2,1002,xgb,0.949930680730674,extratrees,0.9420442708115043,0.007886409919169668
MAR,0.1,S2,1003,xgb,0.9486309122998111,extratrees,0.9413980992917587,0.007232813008052452
MAR,0.1,S2,1004,xgb,0.9490740282565359,rf,0.9422578604687375,0.006816167787798366
MAR,0.1,S2,1005,xgb,0.9456476178590275,rf,0.9388833293245493,0.006764288534478191
MAR,0.1,S2,1006,xgb,0.9490686873078193,rf,0.9450624707855855,0.004006216522233874
MAR,0.1,S2,1007,xgb,0.9459892221837138,extratrees,0.9396996303414102,0.006289591842303599
MAR,0.1,S2,1008,xgb,0.9490444630433185,extratrees,0.9399572611017077,0.009087201941610723
MAR,0.1,S2,1009,xgb,0.9402831176678041,extratrees,0.9387456598048411,0.0015374578629629987
MAR,0.1,S2,1010,xgb,0.9466551948071888,extratrees,0.9395266649240831,0.00712852988310575
MAR,0.1,S2,1011,xgb,0.9487965243572166,extratrees,0.9445031561173195,0.004293368239897122
MAR,0.1,S2,1012,xgb,0.9473688162159227,rf,0.9388976874530635,0.00847112876285927
MAR,0.1,S2,1013,xgb,0.9485904777878014,extratrees,0.9423205012255451,0.006269976562256252
MAR,0.1,S2,1014,xgb,0.9494212181204272,rf,0.941194768297221,0.008226449823206194
MAR,0.1,S2,1015,xgb,0.949765094580864,extratrees,0.9438281925278142,0.005936902053049753
MAR,0.1,S2,1016,xgb,0.9522851312985416,rf,0.9444087534263239,0.007876377872217732
MAR,0.1,S2,1017,xgb,0.9463479563926318,rf,0.9382857473322661,0.0080622090603657
MAR,0.1,S2,1018,xgb,0.9427950401955698,extratrees,0.9389812114153926,0.0038138287801772197
MAR,0.1,S2,1019,xgb,0.9491889337611423,extratrees,0.9411762194181315,0.008012714343010874
MAR,0.1,S2,1020,xgb,0.9436805921438903,rf,0.9377983085538837,0.005882283590006643
MAR,0.2,S1,1001,xgb,0.9360564879982428,rf,0.9301034327181217,0.005953055280121133
MAR,0.2,S1,1002,xgb,0.9290331289715917,extratrees,0.9253966823063748,0.003636446665216897
MAR,0.2,S1,1003,xgb,0.9350998703873781,extratrees,0.9317403325482013,0.0033595378391767516
MAR,0.2,S1,1004,xgb,0.9380088504865357,extratrees,0.9296465602916202,0.008362290194915523
MAR,0.2,S1,1005,xgb,0.9331316808076193,extratrees,0.9281020943683114,0.005029586439307954
MAR,0.2,S1,1006,xgb,0.9302991173459436,extratrees,0.9248950820649666,0.005404035280976993
MAR,0.2,S1,1007,xgb,0.9403381096794347,rf,0.9310138591800318,0.009324250499402886
MAR,0.2,S1,1008,xgb,0.9305318791749212,extratrees,0.9250555294441518,0.005476349730769381
MAR,0.2,S1,1009,xgb,0.9396164395868455,extratrees,0.9314103739471928,0.008206065639652649
MAR,0.2,S1,1010,xgb,0.9344545646689492,extratrees,0.9296078938351577,0.004846670833791422
MAR,0.2,S1,1011,extratrees,0.9281891877811732,xgb,0.9280319055299294,0.00015728225124378437
MAR,0.2,S1,1012,xgb,0.9337466432580589,extratrees,0.924330165108133,0.009416478149925855
MAR,0.2,S1,1013,xgb,0.9347229014895788,extratrees,0.9280490506133381,0.006673850876240728
MAR,0.2,S1,1014,xgb,0.9354668241015345,extratrees,0.9272615649438348,0.008205259157699651
MAR,0.2,S1,1015,xgb,0.9329720119971405,extratrees,0.9212962790284159,0.011675732968724595
MAR,0.2,S1,1016,xgb,0.9311763538171979,extratrees,0.9236436604761297,0.007532693341068208
MAR,0.2,S1,1017,xgb,0.9333191416132445,extratrees,0.9298773336965109,0.0034418079167335414
MAR,0.2,S1,1018,xgb,0.9386571521887065,extratrees,0.9265592930956826,0.012097859093023855
MAR,0.2,S1,1019,xgb,0.9338865636801034,extratrees,0.9268154720507557,0.007071091629347714
MAR,0.2,S1,1020,extratrees,0.9324116273797534,rf,0.9276749198159522,0.004736707563801179
MAR,0.2,S2,1001,xgb,0.9334680493773944,extratrees,0.9271147832334039,0.006353266143990455
MAR,0.2,S2,1002,xgb,0.9317940828548428,extratrees,0.927866671307658,0.003927411547184789
MAR,0.2,S2,1003,xgb,0.937669119543697,extratrees,0.9323313919314371,0.005337727612259924
MAR,0.2,S2,1004,xgb,0.9300972331524505,extratrees,0.9224442177417231,0.007653015410727382
MAR,0.2,S2,1005,xgb,0.9343874203061799,extratrees,0.9279637140230763,0.006423706283103625
MAR,0.2,S2,1006,xgb,0.9374891081714722,extratrees,0.929145549681128,0.008343558490344294
MAR,0.2,S2,1007,xgb,0.9354583495810239,extratrees,0.927219282740591,0.008239066840432963
MAR,0.2,S2,1008,xgb,0.9313962796144283,extratrees,0.929387146038788,0.002009133575640254
MAR,0.2,S2,1009,xgb,0.9404150310148204,extratrees,0.9285328800201373,0.011882150994683038
MAR,0.2,S2,1010,xgb,0.937098866341074,extratrees,0.9329002704183564,0.004198595922717541
MAR,0.2,S2,1011,xgb,0.934009269012904,extratrees,0.9229967949088331,0.011012474104070913
MAR,0.2,S2,1012,xgb,0.9356055300168382,extratrees,0.9236498845994218,0.01195564541741645
MAR,0.2,S2,1013,xgb,0.9419482760729938,extratrees,0.9303409754767145,0.011607300596279346
MAR,0.2,S2,1014,xgb,0.9350455883601303,extratrees,0.9285318016399188,0.006513786720211523
MAR,0.2,S2,1015,xgb,0.9337025928142108,extratrees,0.9259287450059908,0.007773847808219991
MAR,0.2,S2,1016,xgb,0.9308152037337258,extratrees,0.9206631779490848,0.010152025784641028
MAR,0.2,S2,1017,xgb,0.9369426704926743,extratrees,0.9302833767294493,0.006659293763225049
MAR,0.2,S2,1018,xgb,0.9317931611056418,extratrees,0.9240768224930559,0.007716338612585916
MAR,0.2,S2,1019,xgb,0.9404391568907361,rf,0.9289782139608015,0.011460942929934603
MAR,0.2,S2,1020,xgb,0.937137959246351,extratrees,0.9298288886756303,0.0073090705707207215
MAR,0.3,S1,1001,xgb,0.9089724115409364,rf,0.8971628862895227,0.011809525251413766
MAR,0.3,S1,1002,xgb,0.9127693058788069,extratrees,0.9023561298119684,0.010413176066838448
MAR,0.3,S1,1003,xgb,0.9203995580174726,extratrees,0.9028209988435127,0.017578559173959896
MAR,0.3,S1,1004,xgb,0.9089644143074042,extratrees,0.8991159883567956,0.00984842595060853
MAR,0.3,S1,1005,xgb,0.9095188576234345,extratrees,0.9041038413677445,0.005415016255690075
MAR,0.3,S1,1006,xgb,0.9083900434106982,extratrees,0.9029774903691923,0.0054125530415058964
MAR,0.3,S1,1007,xgb,0.9149305562723452,extratrees,0.9079667212058476,0.006963835066497559
MAR,0.3,S1,1008,xgb,0.9103979134576822,extratrees,0.9003175977696845,0.01008031568799772
MAR,0.3,S1,1009,xgb,0.9087672720668667,extratrees,0.8989852563481746,0.009782015718692083
MAR,0.3,S1,1010,xgb,0.907090788102467,extratrees,0.8922179381828975,0.014872849919569497
MAR,0.3,S1,1011,xgb,0.9133194999405916,extratrees,0.8993601506175324,0.0139593493230592
MAR,0.3,S1,1012,xgb,0.9144120970297414,extratrees,0.9014371817510684,0.012974915278673005
MAR,0.3,S1,1013,xgb,0.9052543070846342,extratrees,0.901486360357603,0.0037679467270311795
MAR,0.3,S1,1014,xgb,0.9121327671533749,extratrees,0.9010459839743848,0.011086783178990034
MAR,0.3,S1,1015,xgb,0.9100742655930212,extratrees,0.8956080316494125,0.014466233943608686
MAR,0.3,S1,1016,xgb,0.9067667105223561,extratrees,0.89745971621916,0.009306994303196148
MAR,0.3,S1,1017,xgb,0.9138984156582349,rf,0.8872286311483762,0.026669784509858685
MAR,0.3,S1,1018,xgb,0.9061121360113645,extratrees,0.8910527083036074,0.015059427707757145
MAR,0.3,S1,1019,xgb,0.9104585350878303,rf,0.8983259301522845,0.012132604935545799
MAR,0.3,S1,1020,xgb,0.9116380043485327,extratrees,0.8959045786237028,0.01573342572482994
MAR,0.3,S2,1001,xgb,0.9143892086864719,extratrees,0.9015818598799266,0.012807348806545327
MAR,0.3,S2,1002,xgb,0.9183403011423668,extratrees,0.8942083444555173,0.02413195668684942
MAR,0.3,S2,1003,xgb,0.9094799960184397,extratrees,0.8918700242012754,0.017609971817164283
MAR,0.3,S2,1004,xgb,0.9064242763551762,extratrees,0.8984742795249229,0.007949996830253325
MAR,0.3,S2,1005,xgb,0.9183952746398241,extratrees,0.9043601727937599,0.014035101846064157
MAR,0.3,S2,1006,xgb,0.9126765596543731,extratrees,0.9000346314165822,0.012641928237790867
MAR,0.3,S2,1007,xgb,0.9179192303831609,extratrees,0.9035011797698929,0.014418050613268063
MAR,0.3,S2,1008,xgb,0.9021710427725314,extratrees,0.8907134384383341,0.011457604334197291
MAR,0.3,S2,1009,xgb,0.9024548928575354,extratrees,0.8930685366484751,0.009386356209060365
MAR,0.3,S2,1010,xgb,0.918501017932357,extratrees,0.9002682558990005,0.018232762033356442
MAR,0.3,S2,1011,xgb,0.9175830658466186,extratrees,0.9001935144052483,0.017389551441370332
MAR,0.3,S2,1012,xgb,0.9162591104770179,rf,0.8985261162901139,0.017732994186903994
MAR,0.3,S2,1013,xgb,0.9040060750607808,extratrees,0.8981425923491411,0.005863482711639723
MAR,0.3,S2,1014,xgb,0.9034694441243468,rf,0.897136563338375,0.006332880785971828
MAR,0.3,S2,1015,xgb,0.9048426133594928,extratrees,0.8936131472141909,0.011229466145301847
MAR,0.3,S2,1016,xgb,0.9113396780857599,extratrees,0.9065123559623001,0.004827322123459821
MAR,0.3,S2,1017,xgb,0.9114531747060297,extratrees,0.8895687093804016,0.021884465325628155
MAR,0.3,S2,1018,xgb,0.9110883849959016,extratrees,0.9039352959466557,0.007153089049245942
MAR,0.3,S2,1019,xgb,0.912793733718488,extratrees,0.9027377974185289,0.010055936299959156
MAR,0.3,S2,1020,xgb,0.9178086645544518,extratrees,0.8969575123731767,0.02085115218127509
MAR,0.4,S1,1001,xgb,0.8687429644100264,extratrees,0.8515421167617994,0.017200847648227047
MAR,0.4,S1,1002,xgb,0.8684796215803925,extratrees,0.8520321411111885,0.016447480469203968
MAR,0.4,S1,1003,xgb,0.8569250529913306,extratrees,0.8558296580354877,0.0010953949558428766
MAR,0.4,S1,1004,xgb,0.867980015253265,extratrees,0.850499106971399,0.017480908281865992
MAR,0.4,S1,1005,xgb,0.872658514443974,extratrees,0.8457818435551456,0.02687667088882839
MAR,0.4,S1,1006,xgb,0.8656062949327961,extratrees,0.847077020669964,0.01852927426283202
MAR,0.4,S1,1007,extratrees,0.866201153607331,xgb,0.8631550251198238,0.0030461284875071826
MAR,0.4,S1,1008,extratrees,0.8453875669457727,xgb,0.8413272066566447,0.004060360289127929
MAR,0.4,S1,1009,xgb,0.8732267373935155,extratrees,0.8463621518680002,0.026864585525515294
MAR,0.4,S1,1010,xgb,0.8657753423319242,extratrees,0.864175984367144,0.0015993579647801681
MAR,0.4,S1,1011,xgb,0.8675475286474473,extratrees,0.8463817782125929,0.02116575043485447
MAR,0.4,S1,1012,xgb,0.8743569958440863,extratrees,0.8644520164346716,0.009904979409414705
MAR,0.4,S1,1013,xgb,0.8593096931464256,extratrees,0.8477888157736343,0.011520877372791283
MAR,0.4,S1,1014,xgb,0.8606885924769048,extratrees,0.8498062921224608,0.01088230035444393
MAR,0.4,S1,1015,xgb,0.8651642211654996,extratrees,0.8519314252261605,0.013232795939339126
MAR,0.4,S1,1016,xgb,0.8751615960659105,extratrees,0.8576386687253615,0.017522927340548944
MAR,0.4,S1,1017,xgb,0.8781762082096727,extratrees,0.8538013470824908,0.0243748611271819
MAR,0.4,S1,1018,xgb,0.8635295130213395,extratrees,0.8561831778451211,0.00734633517621841
MAR,0.4,S1,1019,xgb,0.8714099582922488,extratrees,0.8512613327626524,0.020148625529596398
MAR,0.4,S1,1020,xgb,0.8641865701881388,extratrees,0.8447929217706978,0.019393648417441067
MAR,0.4,S2,1001,xgb,0.8668107942137713,extratrees,0.8498192497975753,0.01699154441619599
MAR,0.4,S2,1002,xgb,0.8585421121566214,extratrees,0.8478242447004039,0.0107178674562175
MAR,0.4,S2,1003,xgb,0.8508588059541612,extratrees,0.8360178864507144,0.014840919503446792
MAR,0.4,S2,1004,xgb,0.8785532222495073,extratrees,0.8548405314534566,0.02371269079605065
MAR,0.4,S2,1005,xgb,0.8566063188257284,extratrees,0.8443082504922155,0.01229806833351288
MAR,0.4,S2,1006,xgb,0.8721049106334375,extratrees,0.8612559878890454,0.010848922744392087
MAR,0.4,S2,1007,xgb,0.8589665517903573,extratrees,0.8480986811577942,0.010867870632563115
MAR,0.4,S2,1008,xgb,0.8721824096462811,extratrees,0.8550167767631575,0.01716563288312367
MAR,0.4,S2,1009,xgb,0.8636592027250641,extratrees,0.8461018912656824,0.017557311459381775
MAR,0.4,S2,1010,xgb,0.8510419286282345,extratrees,0.8437597883431497,0.007282140285084782
MAR,0.4,S2,1011,xgb,0.8571638947807456,extratrees,0.8505595850961314,0.006604309684614229
MAR,0.4,S2,1012,xgb,0.8589023835787817,extratrees,0.8539959568346802,0.004906426744101466
MAR,0.4,S2,1013,xgb,0.861961040481021,extratrees,0.8475180237327289,0.01444301674829207
MAR,0.4,S2,1014,xgb,0.8753981572892504,extratrees,0.8599330947522505,0.015465062536999863
MAR,0.4,S2,1015,xgb,0.8605549115317738,extratrees,0.854742845911008,0.0058120656207657495
MAR,0.4,S2,1016,xgb,0.865604385366345,extratrees,0.8517504300691543,0.01385395529719069
MAR,0.4,S2,1017,xgb,0.8781538213998292,extratrees,0.8484015615543935,0.029752259845435725
MAR,0.4,S2,1018,xgb,0.8701800749478761,extratrees,0.857920500972412,0.012259573975464066
MAR,0.4,S2,1019,xgb,0.8675179234362276,extratrees,0.8446570702315229,0.022860853204704656
MAR,0.4,S2,1020,xgb,0.8598288971362955,extratrees,0.8447853054969127,0.015043591639382847
MAR,0.5,S1,1001,extratrees,0.782751189997188,xgb,0.781488311908571,0.0012628780886169144
MAR,0.5,S1,1002,xgb,0.7817139707771305,extratrees,0.7690337688207067,0.01268020195642372
MAR,0.5,S1,1003,extratrees,0.7775105642393906,xgb,0.7675409378410907,0.009969626398299902
MAR,0.5,S1,1004,rf,0.7711484616610733,xgb,0.7663871457497322,0.004761315911341102
MAR,0.5,S1,1005,extratrees,0.7708798592828299,xgb,0.7671367483074808,0.0037431109753490732
MAR,0.5,S1,1006,xgb,0.7804680292718107,rf,0.7616623553244052,0.01880567394740551
MAR,0.5,S1,1007,extratrees,0.7960596211563231,rf,0.7913937235551852,0.004665897601137892
MAR,0.5,S1,1008,xgb,0.7665857575390926,rf,0.7623704033084172,0.004215354230675428
MAR,0.5,S1,1009,xgb,0.7682345406808844,rf,0.7664150330857055,0.0018195075951789041
MAR,0.5,S1,1010,extratrees,0.7811068962393993,rf,0.7735225682117479,0.00758432802765141
MAR,0.5,S1,1011,xgb,0.7853351700805555,extratrees,0.7830361998432405,0.0022989702373150678
MAR,0.5,S1,1012,xgb,0.7811795736548954,rf,0.7663486748158512,0.014830898839044204
MAR,0.5,S1,1013,extratrees,0.7787751157905264,rf,0.7669983375563053,0.011776778234221075
MAR,0.5,S1,1014,extratrees,0.7802425267906711,xgb,0.7758233404740551,0.004419186316615975
MAR,0.5,S1,1015,rf,0.7684810512460992,xgb,0.7673608099815078,0.0011202412645914261
MAR,0.5,S1,1016,xgb,0.779422780380888,rf,0.7664761728535512,0.012946607527336784
MAR,0.5,S1,1017,rf,0.7657861879294676,xgb,0.7634431327051937,0.0023430552242739155
MAR,0.5,S1,1018,xgb,0.7679969324157153,rf,0.7631980053130409,0.004798927102674377
MAR,0.5,S1,1019,xgb,0.7876397572848546,extratrees,0.7847516893420089,0.0028880679428456846
MAR,0.5,S1,1020,rf,0.769109677498386,xgb,0.7682978472314004,0.0008118302669856137
MAR,0.5,S2,1001,extratrees,0.7690149741879967,xgb,0.765036208256499,0.0039787659314977075
MAR,0.5,S2,1002,xgb,0.782748153555997,rf,0.7703093865080912,0.012438767047905808
MAR,0.5,S2,1003,rf,0.7793912742119508,extratrees,0.777297790723342,0.002093483488608716
MAR,0.5,S2,1004,xgb,0.780586619771138,extratrees,0.7752147437427916,0.005371876028346323
MAR,0.5,S2,1005,xgb,0.7907304479493525,extratrees,0.7745002964406276,0.016230151508724977
MAR,0.5,S2,1006,xgb,0.7806549005955895,rf,0.7764718548988122,0.004183045696777299
MAR,0.5,S2,1007,xgb,0.7752789760556484,extratrees,0.7679718666169572,0.007307109438691284
MAR,0.5,S2,1008,xgb,0.79157448312907,rf,0.7871428558106401,0.004431627318429832
MAR,0.5,S2,1009,xgb,0.7890951583086243,extratrees,0.7874165291340267,0.0016786291745976012
MAR,0.5,S2,1010,rf,0.7750254956056123,xgb,0.7739563098148967,0.0010691857907155766
MAR,0.5,S2,1011,xgb,0.7731025408222488,extratrees,0.7696307188074896,0.0034718220147592627
MAR,0.5,S2,1012,rf,0.7682857704735075,xgb,0.7637112959115,0.004574474562007547
MAR,0.5,S2,1013,xgb,0.7905857021947086,extratrees,0.7769572902736493,0.013628411921059236
MAR,0.5,S2,1014,xgb,0.7731922180282476,extratrees,0.7668562169714348,0.006336001056812757
MAR,0.5,S2,1015,extratrees,0.7725378734556912,xgb,0.7686935786792415,0.0038442947764497637
MAR,0.5,S2,1016,xgb,0.7829192960642246,extratrees,0.7795822836379522,0.003337012426272379
MAR,0.5,S2,1017,xgb,0.7698368107425,extratrees,0.7685385688514252,0.0012982418910747473
MAR,0.5,S2,1018,xgb,0.76230729129241,extratrees,0.7579103929712235,0.004396898321186504
MAR,0.5,S2,1019,xgb,0.7846255410566647,extratrees,0.7782433474062479,0.006382193650416812
MAR,0.5,S2,1020,rf,0.7737771769434543,extratrees,0.7658127268083925,0.007964450135061751
MCAR,0.0,S1,1001,xgb,0.9600384894535464,rf,0.9517452509750148,0.008293238478531584
MCAR,0.0,S1,1002,xgb,0.9550617483457096,extratrees,0.9493766327872983,0.0056851155584112245
MCAR,0.0,S1,1003,xgb,0.9533960065247978,rf,0.9511291524128351,0.0022668541119627017
MCAR,0.0,S1,1004,xgb,0.9555144604829993,extratrees,0.9509019326956581,0.004612527787341114
MCAR,0.0,S1,1005,xgb,0.9579001868186763,extratrees,0.9505889094573263,0.007311277361349955
MCAR,0.0,S1,1006,xgb,0.957176169270849,extratrees,0.9511864839365176,0.005989685334331418
MCAR,0.0,S1,1007,xgb,0.9573386463856224,rf,0.9521714226294495,0.005167223756172845
MCAR,0.0,S1,1008,xgb,0.9516985525752559,rf,0.9486893203306593,0.0030092322445965936
MCAR,0.0,S1,1009,xgb,0.9581727656373541,rf,0.9507452238138777,0.00742754182347638
MCAR,0.0,S1,1010,xgb,0.9523843870763748,extratrees,0.950210864239998,0.00217352283637684
MCAR,0.0,S1,1011,xgb,0.9544375251639947,rf,0.9490058435961627,0.005431681567832025
MCAR,0.0,S1,1012,xgb,0.9567830059632003,rf,0.9498715441156496,0.006911461847550759
MCAR,0.0,S1,1013,xgb,0.9564389419165785,rf,0.9507423072068086,0.005696634709769888
MCAR,0.0,S1,1014,xgb,0.9544847984862613,rf,0.9525366068208732,0.001948191665388177
MCAR,0.0,S1,1015,xgb,0.9543621776080237,extratrees,0.9495521319797234,0.00481004562830023
MCAR,0.0,S1,1016,xgb,0.9544051784842607,extratrees,0.9502716844260986,0.004133494058162102
MCAR,0.0,S1,1017,xgb,0.9581064042925757,extratrees,0.9498940874438857,0.008212316848689949
MCAR,0.0,S1,1018,xgb,0.9559385272454024,rf,0.948994936705305,0.006943590540097411
MCAR,0.0,S1,1019,xgb,0.960275807411079,rf,0.9507031541306208,0.009572653280458199
MCAR,0.0,S1,1020,xgb,0.9552839155340621,rf,0.9504970534726725,0.004786862061389563
MCAR,0.0,S2,1001,xgb,0.9575756732180458,extratrees,0.9466189970212859,0.010956676196759885
MCAR,0.0,S2,1002,xgb,0.9556778162288098,rf,0.9493668972234133,0.006310919005396487
MCAR,0.0,S2,1003,xgb,0.9570175299972792,rf,0.9487448222789456,0.00827270771833355
MCAR,0.0,S2,1004,xgb,0.9554435685130205,rf,0.9507868502472464,0.0046567182657740736
MCAR,0.0,S2,1005,xgb,0.9574439560358007,rf,0.9516789153913191,0.005765040644481578
MCAR,0.0,S2,1006,xgb,0.9538152843972177,rf,0.9494840607215206,0.00433122367569716
MCAR,0.0,S2,1007,xgb,0.957602446864475,rf,0.9494855057516386,0.008116941112836451
MCAR,0.0,S2,1008,xgb,0.9568999956244472,rf,0.9474312804940148,0.009468715130432348
MCAR,0.0,S2,1009,xgb,0.9565586085605986,rf,0.9499651733909303,0.00659343516966826
MCAR,0.0,S2,1010,xgb,0.9585421807235592,extratrees,0.948325868431585,0.010216312291974283
MCAR,0.0,S2,1011,xgb,0.9566203155412056,extratrees,0.9481265139843508,0.008493801556854863
MCAR,0.0,S2,1012,xgb,0.9527895192510186,extratrees,0.948171125140153,0.00461839411086562
MCAR,0.0,S2,1013,xgb,0.9588901979371489,extratrees,0.9514537354449086,0.007436462492240281
MCAR,0.0,S2,1014,xgb,0.95592632211658,rf,0.9492537688399263,0.0066725532766537254
MCAR,0.0,S2,1015,xgb,0.9562690215866511,extratrees,0.946373658502686,0.009895363083965103
MCAR,0.0,S2,1016,xgb,0.9588392574046065,extratrees,0.9487013037975046,0.010137953607101902
MCAR,0.0,S2,1017,xgb,0.9585855573469606,rf,0.9513151350293333,0.007270422317627312
MCAR,0.0,S2,1018,xgb,0.9563580573387547,rf,0.9490359347447315,0.007322122594023206
MCAR,0.0,S2,1019,xgb,0.9581669660773142,rf,0.9493444817258727,0.008822484351441506
MCAR,0.0,S2,1020,xgb,0.9557001805864527,rf,0.9499417211668906,0.005758459419562101
MCAR,0.05,S1,1001,xgb,0.956958278154028,rf,0.9488691298628794,0.008089148291148596
MCAR,0.05,S1,1002,xgb,0.95264411472241,rf,0.9502260853636496,0.002418029358760343
MCAR,0.05,S1,1003,rf,0.9476807718458213,xgb,0.9461140509047702,0.0015667209410511473
MCAR,0.05,S1,1004,xgb,0.9531936515243608,rf,0.9515670118226385,0.0016266397017222767
MCAR,0.05,S1,1005,xgb,0.9534136336103515,extratrees,0.947618109294529,0.00579552431582242
MCAR,0.05,S1,1006,xgb,0.9496902679537069,rf,0.9487975726339251,0.0008926953197818666
MCAR,0.05,S1,1007,xgb,0.9528168490724115,extratrees,0.9501853703636595,0.002631478708752022
MCAR,0.05,S1,1008,xgb,0.9481546597674179,rf,0.9468966075955878,0.0012580521718300597
MCAR,0.05,S1,1009,xgb,0.9548228948895037,rf,0.9477175281043702,0.007105366785133516
MCAR,0.05,S1,1010,xgb,0.9501032812313621,extratrees,0.949276858548434,0.0008264226829280963
MCAR,0.05,S1,1011,xgb,0.952907220956891,extratrees,0.9508748312131565,0.0020323897437344307
MCAR,0.05,S1,1012,xgb,0.9546644628945293,extratrees,0.946013723763906,0.008650739130623308
MCAR,0.05,S1,1013,xgb,0.9505534638176549,rf,0.9465584852061205,0.003994978611534417
MCAR,0.05,S1,1014,xgb,0.9515734051222567,rf,0.9496635612821114,0.0019098438401453643
MCAR,0.05,S1,1015,xgb,0.949285751044562,extratrees,0.9431692788292398,0.006116472215322188
MCAR,0.05,S1,1016,xgb,0.9503628695864517,rf,0.946609661012222,0.0037532085742296717
MCAR,0.05,S1,1017,xgb,0.9550240862077661,extratrees,0.9487980195445376,0.006226066663228558
MCAR,0.05,S1,1018,xgb,0.950881027078754,rf,0.9470400338933924,0.003840993185361574
MCAR,0.05,S1,1019,xgb,0.955454453562384,extratrees,0.9509555525444153,0.004498901017968682
MCAR,0.05,S1,1020,xgb,0.9524777594427116,extratrees,0.9472094299665799,0.005268329476131761
MCAR,0.05,S2,1001,xgb,0.9553508588038889,rf,0.9457474802363146,0.009603378567574317
MCAR,0.05,S2,1002,xgb,0.9529234349930981,extratrees,0.9452571568060847,0.007666278187013376
MCAR,0.05,S2,1003,xgb,0.9549555064794781,extratrees,0.9462879453034168,0.008667561176061378
MCAR,0.05,S2,1004,xgb,0.94831727264268,extratrees,0.9447697203084067,0.003547552334273285
MCAR,0.05,S2,1005,xgb,0.9560739591681179,rf,0.9486378213927038,0.007436137775414076
MCAR,0.05,S2,1006,xgb,0.9518860054088482,rf,0.9466370842713022,0.005248921137545937
MCAR,0.05,S2,1007,xgb,0.9526745507634565,extratrees,0.9444869976580448,0.008187553105411749
MCAR,0.05,S2,1008,xgb,0.9541759847978488,extratrees,0.9450333903166163,0.009142594481232558
MCAR,0.05,S2,1009,xgb,0.9531196082675037,rf,0.9467342378753241,0.006385370392179679
MCAR,0.05,S2,1010,xgb,0.9531129257559169,rf,0.9463167970452997,0.006796128710617189
MCAR,0.05,S2,1011,xgb,0.9563635714863377,extratrees,0.9482384962279019,0.008125075258435754
MCAR,0.05,S2,1012,xgb,0.950124652470894,rf,0.9455635898706062,0.0045610626002877686
MCAR,0.05,S2,1013,xgb,0.9546797435152149,rf,0.9469216811931289,0.007758062322085979
MCAR,0.05,S2,1014,xgb,0.954334650589216,rf,0.9462860395306436,0.008048611058572352
MCAR,0.05,S2,1015,xgb,0.9510590225930227,extratrees,0.9451719402319663,0.005887082361056395
MCAR,0.05,S2,1016,xgb,0.9516210845864528,rf,0.9472779553408757,0.004343129245577115
MCAR,0.05,S2,1017,xgb,0.9534170986470325,rf,0.9470320562700891,0.006385042376943373
MCAR,0.05,S2,1018,xgb,0.9509203924893856,rf,0.9438181777960304,0.007102214693355258
MCAR,0.05,S2,1019,xgb,0.956895341676614,rf,0.9488872708427223,0.008008070833891767
MCAR,0.05,S2,1020,xgb,0.9537917397620541,rf,0.9465070666185946,0.007284673143459486
MCAR,0.1,S1,1001,xgb,0.9529216526145543,rf,0.9477583728459003,0.00516327976865405
MCAR,0.1,S1,1002,xgb,0.9521147276851781,rf,0.9459592126260613,0.006155515059116823
MCAR,0.1,S1,1003,xgb,0.9472123415405385,rf,0.9427697321453554,0.004442609395183039
MCAR,0.1,S1,1004,xgb,0.9458114917110892,rf,0.9440891928214518,0.0017222988896374858
MCAR,0.1,S1,1005,xgb,0.956309452270791,rf,0.9468246667023275,0.00948478556846355
MCAR,0.1,S1,1006,xgb,0.9477219417475906,extratrees,0.9419772742248818,0.005744667522708857
MCAR,0.1,S1,1007,xgb,0.9503606648191193,extratrees,0.9460737063110732,0.004286958508046057
MCAR,0.1,S1,1008,xgb,0.9437958759510543,extratrees,0.9431367685396503,0.0006591074114039586
MCAR,0.1,S1,1009,xgb,0.9519419378463013,rf,0.9459755962554173,0.00596634159088405
MCAR,0.1,S1,1010,xgb,0.953418998885448,rf,0.9470603739553995,0.006358624930048462
MCAR,0.1,S1,1011,xgb,0.9536781133853832,extratrees,0.9468263760277071,0.00685173735767608
MCAR,0.1,S1,1012,xgb,0.9522970398991681,rf,0.9478638885186514,0.004433151380516698
MCAR,0.1,S1,1013,xgb,0.9485332990242444,extratrees,0.9457886575558037,0.0027446414684407783
MCAR,0.1,S1,1014,xgb,0.9493807446854113,rf,0.9475206192568054,0.0018601254286059188
MCAR,0.1,S1,1015,xgb,0.9431326651521168,rf,0.9425790316890295,0.0005536334630873441
MCAR,0.1,S1,1016,xgb,0.9490425723024565,extratrees,0.9476570760469369,0.001385496255519536
MCAR,0.1,S1,1017,xgb,0.9519822191962891,rf,0.944857846925944,0.007124372270345125
MCAR,0.1,S1,1018,xgb,0.9505396787562793,rf,0.9465009312127177,0.004038747543561594
MCAR,0.1,S1,1019,xgb,0.9529982586767108,extratrees,0.9450343714783029,0.007963887198407904
MCAR,0.1,S1,1020,xgb,0.946314348734232,extratrees,0.9444559315584181,0.00185841717581392
MCAR,0.1,S2,1001,xgb,0.9528907494102488,rf,0.9454229536325849,0.007467795777663877
MCAR,0.1,S2,1002,xgb,0.947569371365591,rf,0.9414792132599695,0.006090158105621524
MCAR,0.1,S2,1003,xgb,0.9500504229497171,rf,0.9457755618050327,0.004274861144684339
MCAR,0.1,S2,1004,xgb,0.9486997170712341,rf,0.944904493325873,0.0037952237453611204
MCAR,0.1,S2,1005,xgb,0.9465756658306257,rf,0.9440075437612402,0.0025681220693855034
MCAR,0.1,S2,1006,xgb,0.947852711576385,rf,0.9451837614160749,0.002668950160310102
MCAR,0.1,S2,1007,xgb,0.9508183864730748,rf,0.9451749760410753,0.005643410431999563
MCAR,0.1,S2,1008,xgb,0.9512867627259997,rf,0.9424207683856147,0.00886599434038493
MCAR,0.1,S2,1009,xgb,0.948401448618412,extratrees,0.9449777257265574,0.0034237228918546636
MCAR,0.1,S2,1010,xgb,0.9509930939413284,extratrees,0.9434062327562508,0.007586861185077565
MCAR,0.1,S2,1011,xgb,0.9501953652446353,extratrees,0.9447365703832544,0.0054587948613809
MCAR,0.1,S2,1012,xgb,0.9486231224158892,extratrees,0.9417149970521808,0.0069081253637084394
MCAR,0.1,S2,1013,xgb,0.9514389092402983,rf,0.9451135425769636,0.006325366663334719
MCAR,0.1,S2,1014,xgb,0.9490538371982854,extratrees,0.9427015925762842,0.006352244622001235
MCAR,0.1,S2,1015,xgb,0.9505016384835667,extratrees,0.9444840599496054,0.006017578533961343
MCAR,0.1,S2,1016,xgb,0.9530840324114044,rf,0.9484784801644868,0.00460555224691761
MCAR,0.1,S2,1017,xgb,0.9528561387347804,rf,0.9448036064232064,0.00805253231157399
MCAR,0.1,S2,1018,xgb,0.9495383249963055,rf,0.943088088868467,0.006450236127838571
MCAR,0.1,S2,1019,xgb,0.9488434361644543,rf,0.9446607636401231,0.0041826725243312435
MCAR,0.1,S2,1020,xgb,0.9493322308712259,rf,0.9416024402382,0.007729790633025924
MCAR,0.2,S1,1001,xgb,0.9435232635523354,extratrees,0.9386630991854252,0.004860164366910169
MCAR,0.2,S1,1002,xgb,0.9414674414507231,rf,0.9389996889174075,0.002467752533315659
MCAR,0.2,S1,1003,xgb,0.9422655724191873,rf,0.9403456116605999,0.001919960758587358
MCAR,0.2,S1,1004,xgb,0.9427805913645011,rf,0.9388953715508919,0.003885219813609231
MCAR,0.2,S1,1005,xgb,0.9430740836613966,extratrees,0.9395630955878678,0.003510988073528787
MCAR,0.2,S1,1006,xgb,0.9417684569545903,rf,0.9357227720373515,0.0060456849172387805
MCAR,0.2,S1,1007,xgb,0.9441616563505247,extratrees,0.9410769641542094,0.003084692196315353
MCAR,0.2,S1,1008,xgb,0.9388605322815797,rf,0.9355664033502155,0.0032941289313642708
MCAR,0.2,S1,1009,xgb,0.9477263650726668,rf,0.9429129307481465,0.004813434324520305
MCAR,0.2,S1,1010,xgb,0.9419733104295533,extratrees,0.9409055393920507,0.0010677710375026628
MCAR,0.2,S1,1011,xgb,0.9393538835975679,rf,0.9356618566013214,0.003692026996246489
MCAR,0.2,S1,1012,xgb,0.9406845484296932,extratrees,0.9371267491762921,0.0035577992534010505
MCAR,0.2,S1,1013,xgb,0.9407256373887602,extratrees,0.9389505143285314,0.001775123060228867
MCAR,0.2,S1,1014,extratrees,0.9433144268014647,xgb,0.9408597164418844,0.0024547103595803366
MCAR,0.2,S1,1015,xgb,0.9426968346390501,extratrees,0.9382629795943549,0.0044338550446951785
MCAR,0.2,S1,1016,xgb,0.9434991358175113,extratrees,0.9398814701524639,0.003617665665047398
MCAR,0.2,S1,1017,xgb,0.9381185784209489,rf,0.9365971793706617,0.0015213990502872532
MCAR,0.2,S1,1018,xgb,0.9426271400973153,rf,0.93819399466927,0.004433145428045293
MCAR,0.2,S1,1019,xgb,0.945263999001298,rf,0.9388981715264014,0.006365827474896557
MCAR,0.2,S1,1020,xgb,0.9413193521603622,extratrees,0.9385623744963493,0.0027569776640129495
MCAR,0.2,S2,1001,xgb,0.9397492112032632,extratrees,0.9360593790249657,0.0036898321782974364
MCAR,0.2,S2,1002,xgb,0.9440559979973591,rf,0.9416236766776525,0.0024323213197066096
MCAR,0.2,S2,1003,xgb,0.9465040781779708,rf,0.9387363463389476,0.007767731839023129
MCAR,0.2,S2,1004,xgb,0.9394260508679926,extratrees,0.9346216975276784,0.004804353340314149
MCAR,0.2,S2,1005,xgb,0.9387163452358285,extratrees,0.9322577209482222,0.0064586242876062405
MCAR,0.2,S2,1006,extratrees,0.9394203991877932,xgb,0.9371456088478709,0.0022747903399222835
MCAR,0.2,S2,1007,xgb,0.9491140887325065,rf,0.9377466197838984,0.011367468948608073
MCAR,0.2,S2,1008,xgb,0.9391592234537619,extratrees,0.9347193649369754,0.004439858516786521
MCAR,0.2,S2,1009,xgb,0.9446174411503317,rf,0.9381906423865607,0.006426798763771058
MCAR,0.2,S2,1010,xgb,0.9432608222809531,extratrees,0.9408373218509091,0.0024235004300440233
MCAR,0.2,S2,1011,xgb,0.9412423446150701,extratrees,0.9356199685162421,0.005622376098827986
MCAR,0.2,S2,1012,xgb,0.9465456957478544,extratrees,0.9390109424271312,0.007534753320723175
MCAR,0.2,S2,1013,xgb,0.9484548884778284,rf,0.9409839721533739,0.007470916324454513
MCAR,0.2,S2,1014,xgb,0.9488635445282056,rf,0.9405266063999589,0.008336938128246763
MCAR,0.2,S2,1015,xgb,0.9422500149563481,rf,0.9413065813103536,0.0009434336459944737
MCAR,0.2,S2,1016,extratrees,0.9411685933518614,xgb,0.9394286594862292,0.0017399338656322039
MCAR,0.2,S2,1017,xgb,0.949241828075064,extratrees,0.9385177489403633,0.010724079134700637
MCAR,0.2,S2,1018,xgb,0.9369699031505441,extratrees,0.9351971091201603,0.001772794030383773
MCAR,0.2,S2,1019,xgb,0.9444125405605925,rf,0.942709027483794,0.0017035130767985018
MCAR,0.2,S2,1020,xgb,0.9442378335322612,rf,0.9380476442862034,0.006190189246057853
MCAR,0.3,S1,1001,xgb,0.9331378660122681,rf,0.929322189180916,0.0038156768313520883
MCAR,0.3,S1,1002,xgb,0.9348062168283733,rf,0.9302339072641782,0.004572309564195076
MCAR,0.3,S1,1003,xgb,0.9370225684958667,extratrees,0.9353090569602098,0.0017135115356569086
MCAR,0.3,S1,1004,xgb,0.9371270121939773,extratrees,0.9344006223453173,0.002726389848660027
MCAR,0.3,S1,1005,xgb,0.9365619903547028,rf,0.9341456664594874,0.0024163238952154
MCAR,0.3,S1,1006,xgb,0.9418439490579651,rf,0.9387488932766394,0.0030950557813257396
MCAR,0.3,S1,1007,rf,0.9382405211849265,extratrees,0.9378382298819579,0.00040229130296864923
MCAR,0.3,S1,1008,xgb,0.9380280197400237,rf,0.9344280351898554,0.0035999845501683003
MCAR,0.3,S1,1009,xgb,0.9409380998828928,rf,0.9310378735789706,0.009900226303922177
MCAR,0.3,S1,1010,xgb,0.9353295073974488,extratrees,0.9330512784815571,0.002278228915891689
MCAR,0.3,S1,1011,xgb,0.931520451651626,rf,0.9304213695735039,0.0010990820781221489
MCAR,0.3,S1,1012,xgb,0.9423622750218271,extratrees,0.9372184836936526,0.005143791328174552
MCAR,0.3,S1,1013,rf,0.933884767254382,xgb,0.9328568226598936,0.0010279445944884058
MCAR,0.3,S1,1014,xgb,0.935813476829113,rf,0.931186301781026,0.004627175048086962
MCAR,0.3,S1,1015,xgb,0.9358090579554051,extratrees,0.930332590011464,0.005476467943941188
MCAR,0.3,S1,1016,extratrees,0.9320823766787351,xgb,0.9316495914416901,0.0004327852370449303
MCAR,0.3,S1,1017,xgb,0.9385848760196417,extratrees,0.9267560704954357,0.011828805524205954
MCAR,0.3,S1,1018,xgb,0.9396858456622622,rf,0.933385345752528,0.006300499909734247
MCAR,0.3,S1,1019,xgb,0.9356955227507276,rf,0.9313238720702591,0.00437165068046852
MCAR,0.3,S1,1020,xgb,0.9385182350645348,rf,0.9340072047539107,0.0045110303106240535
MCAR,0.3,S2,1001,xgb,0.9329832805878324,rf,0.9259667888722939,0.007016491715538531
MCAR,0.3,S2,1002,xgb,0.9331960627935902,rf,0.9313458174482362,0.0018502453453540513
MCAR,0.3,S2,1003,extratrees,0.931044015465804,xgb,0.9307590585515074,0.00028495691429653025
MCAR,0.3,S2,1004,xgb,0.9334588598035272,extratrees,0.9298088188371739,0.0036500409663532407
MCAR,0.3,S2,1005,xgb,0.931606865952743,rf,0.9276598865093308,0.0039469794434121575
MCAR,0.3,S2,1006,xgb,0.9376249469609258,extratrees,0.9316804811306026,0.0059444658303231535
MCAR,0.3,S2,1007,xgb,0.9432089393486383,rf,0.9290215155315499,0.014187423817088374
MCAR,0.3,S2,1008,xgb,0.931297232333093,extratrees,0.9285966718399342,0.00270056049315881
MCAR,0.3,S2,1009,xgb,0.9303895791154814,extratrees,0.9262415214674252,0.004148057648056147
MCAR,0.3,S2,1010,xgb,0.9316403126942372,extratrees,0.9256485555920566,0.005991757102180584
MCAR,0.3,S2,1011,xgb,0.9411316410229065,rf,0.9329618317207282,0.008169809302178255
MCAR,0.3,S2,1012,xgb,0.9376860431842132,rf,0.9325030337506197,0.005183009433593511
MCAR,0.3,S2,1013,xgb,0.9284613369167072,rf,0.9266129632365013,0.0018483736802058504
MCAR,0.3,S2,1014,xgb,0.9321050809980214,rf,0.9313818894693766,0.000723191528644751
MCAR,0.3,S2,1015,xgb,0.9356570440959615,extratrees,0.9267744216485612,0.008882622447400346
MCAR,0.3,S2,1016,xgb,0.9471124680927933,rf,0.9402242996253797,0.00688816846741358
MCAR,0.3,S2,1017,xgb,0.9439348306518903,rf,0.933120735484521,0.010814095167369309
MCAR,0.3,S2,1018,xgb,0.9373473107847957,extratrees,0.9312034697443463,0.006143841040449405
MCAR,0.3,S2,1019,xgb,0.9316281571694718,extratrees,0.9266050318592252,0.005023125310246623
MCAR,0.3,S2,1020,xgb,0.9400059658028755,extratrees,0.9337956331782895,0.006210332624586035
MCAR,0.4,S1,1001,xgb,0.9271921496566312,rf,0.9252598305728867,0.0019323190837444715
MCAR,0.4,S1,1002,xgb,0.9247023968412202,extratrees,0.9191844813537557,0.0055179154874644976
MCAR,0.4,S1,1003,xgb,0.9262785302366388,rf,0.9244426859618322,0.0018358442748065418
MCAR,0.4,S1,1004,xgb,0.9245227942404851,extratrees,0.915234327474373,0.009288466766112058
MCAR,0.4,S1,1005,xgb,0.924906448488169,extratrees,0.9173764231346094,0.007530025353559622
MCAR,0.4,S1,1006,xgb,0.9284350232083638,extratrees,0.9229849072107992,0.00545011599756462
MCAR,0.4,S1,1007,xgb,0.930569960268677,extratrees,0.9234249335175437,0.0071450267511332655
MCAR,0.4,S1,1008,extratrees,0.922344892151213,rf,0.917974504228324,0.0043703879228889075
MCAR,0.4,S1,1009,extratrees,0.9221735958190772,xgb,0.9219905571932226,0.0001830386258545591
MCAR,0.4,S1,1010,xgb,0.929373661758747,extratrees,0.9245422892801048,0.004831372478642182
MCAR,0.4,S1,1011,xgb,0.9191400380835999,extratrees,0.9175575677500521,0.0015824703335477475
MCAR,0.4,S1,1012,xgb,0.9304299421528656,extratrees,0.9259680263038856,0.004461915848979925
MCAR,0.4,S1,1013,xgb,0.9209139374772606,extratrees,0.911159174546035,0.009754762931225569
MCAR,0.4,S1,1014,extratrees,0.9233392231115317,rf,0.9232360948420617,0.00010312826947000975
MCAR,0.4,S1,1015,xgb,0.9277144765070936,extratrees,0.9203918063883094,0.00732267011878418
MCAR,0.4,S1,1016,xgb,0.9245593682188833,extratrees,0.9186553322673443,0.005904035951538988
MCAR,0.4,S1,1017,xgb,0.9274498953738375,rf,0.9232024912922927,0.004247404081544781
MCAR,0.4,S1,1018,xgb,0.9243092777278145,rf,0.916595037252311,0.007714240475503509
MCAR,0.4,S1,1019,xgb,0.9212376469910335,extratrees,0.9208446722406398,0.000392974750393682
MCAR,0.4,S1,1020,xgb,0.9272998923795261,extratrees,0.9190675034624892,0.008232388917036926
MCAR,0.4,S2,1001,xgb,0.9223335411135505,extratrees,0.9185896458400018,0.003743895273548681
MCAR,0.4,S2,1002,xgb,0.9227563846952036,rf,0.9158938209925809,0.006862563702622726
MCAR,0.4,S2,1003,xgb,0.9176639765801138,rf,0.9141857989863382,0.0034781775937755555
MCAR,0.4,S2,1004,xgb,0.9296097656722593,rf,0.9238482793144035,0.005761486357855783
MCAR,0.4,S2,1005,xgb,0.9269170122475474,rf,0.9162920276406963,0.010624984606851129
MCAR,0.4,S2,1006,xgb,0.9319606909636512,extratrees,0.9283491430516839,0.003611547911967272
MCAR,0.4,S2,1007,xgb,0.9213118921953652,extratrees,0.9120655871448682,0.009246305050497061
MCAR,0.4,S2,1008,xgb,0.9243799352240707,extratrees,0.9227729928828647,0.0016069423412059525
MCAR,0.4,S2,1009,rf,0.9230805405495474,xgb,0.9212446454997634,0.0018358950497839865
MCAR,0.4,S2,1010,xgb,0.9157468278176326,rf,0.9107902062235118,0.0049566215941208025
MCAR,0.4,S2,1011,xgb,0.9318440595115065,extratrees,0.9271190068303188,0.004725052681187725
MCAR,0.4,S2,1012,xgb,0.9196852602530112,rf,0.9190827656886116,0.0006024945643996471
MCAR,0.4,S2,1013,xgb,0.9197311295765216,extratrees,0.9188216085443075,0.000909521032214089
MCAR,0.4,S2,1014,xgb,0.9245461604536857,extratrees,0.9220482734460212,0.002497887007664401
MCAR,0.4,S2,1015,xgb,0.9312457093176556,extratrees,0.9256076998179488,0.005638009499706831
MCAR,0.4,S2,1016,rf,0.9206082823990371,xgb,0.9198885614090491,0.0007197209899880708
MCAR,0.4,S2,1017,xgb,0.9254597947192869,rf,0.9223907155448007,0.003069079174486178
MCAR,0.4,S2,1018,xgb,0.928992805640265,extratrees,0.9250853343744799,0.003907471265785056
MCAR,0.4,S2,1019,xgb,0.9228525045766492,extratrees,0.917152485359523,0.005700019217126262
MCAR,0.4,S2,1020,extratrees,0.9235733591707416,xgb,0.92254155431381,0.0010318048569315508
MCAR,0.5,S1,1001,rf,0.9100276778931274,xgb,0.9078680356589267,0.0021596422342007315
MCAR,0.5,S1,1002,xgb,0.9149197745288212,extratrees,0.9003891932559925,0.014530581272828691
MCAR,0.5,S1,1003,xgb,0.9060069870025368,extratrees,0.905959782679074,4.7204323462834985e-05
MCAR,0.5,S1,1004,xgb,0.9008395906844276,rf,0.89944988959485,0.0013897010895776996
MCAR,0.5,S1,1005,xgb,0.9108467882896594,rf,0.9063545164366869,0.004492271852972518
MCAR,0.5,S1,1006,rf,0.9073106471395522,xgb,0.9055277430124364,0.001782904127115792
MCAR,0.5,S1,1007,xgb,0.9130433737294839,extratrees,0.9091405182340383,0.0039028554954455563
MCAR,0.5,S1,1008,xgb,0.9183178915111592,extratrees,0.9149755457129105,0.003342345798248658
MCAR,0.5,S1,1009,xgb,0.9073982583265228,rf,0.9069532116815651,0.00044504664495770285
MCAR,0.5,S1,1010,xgb,0.9170069081307334,extratrees,0.9133684563293212,0.0036384518014122014
MCAR,0.5,S1,1011,xgb,0.9051775388565902,extratrees,0.903753194202076,0.0014243446545142424
MCAR,0.5,S1,1012,xgb,0.9069110819957352,extratrees,0.8966855555073334,0.010225526488401804
MCAR,0.5,S1,1013,xgb,0.9113266695707664,extratrees,0.9063155350394334,0.00501113453133295
MCAR,0.5,S1,1014,xgb,0.9193242027731527,rf,0.9157682884716035,0.0035559143015492234
MCAR,0.5,S1,1015,xgb,0.9031099237198175,rf,0.901282870660826,0.0018270530589914458
MCAR,0.5,S1,1016,xgb,0.9094197729414957,extratrees,0.9034013899533736,0.006018382988122073
MCAR,0.5,S1,1017,rf,0.9057419979354087,xgb,0.905076461849774,0.0006655360856346881
MCAR,0.5,S1,1018,extratrees,0.916437463659799,xgb,0.9159163049948204,0.0005211586649785938
MCAR,0.5,S1,1019,xgb,0.9181925422818479,extratrees,0.9148241485677465,0.0033683937141013587
MCAR,0.5,S1,1020,xgb,0.9180914309444388,rf,0.9094445767856459,0.00864685415879285
MCAR,0.5,S2,1001,extratrees,0.9175180527601656,xgb,0.9144906728748751,0.00302737988529056
MCAR,0.5,S2,1002,xgb,0.9120079115624848,rf,0.9102170913936313,0.0017908201688535685
MCAR,0.5,S2,1003,xgb,0.9091907232119618,extratrees,0.9013677929737798,0.007822930238182035
MCAR,0.5,S2,1004,xgb,0.9079646469580327,extratrees,0.9048156017635571,0.0031490451944755637
MCAR,0.5,S2,1005,xgb,0.9194580709099978,rf,0.912830141232457,0.006627929677540778
MCAR,0.5,S2,1006,xgb,0.9181331347468955,rf,0.9066809228427617,0.011452211904133813
MCAR,0.5,S2,1007,xgb,0.916802819976722,extratrees,0.9081113660343529,0.008691453942369032
MCAR,0.5,S2,1008,xgb,0.9143098873535788,extratrees,0.9118520767915212,0.0024578105620575164
MCAR,0.5,S2,1009,xgb,0.9218523040535096,extratrees,0.9069964330157326,0.014855871037776969
MCAR,0.5,S2,1010,xgb,0.9142142573195811,rf,0.9097437554853129,0.004470501834268115
MCAR,0.5,S2,1011,rf,0.9180204529494953,xgb,0.9151943811091773,0.002826071840318023
MCAR,0.5,S2,1012,xgb,0.9154684648555603,rf,0.9040971080586917,0.011371356796868626
MCAR,0.5,S2,1013,xgb,0.9233395615985442,rf,0.9124770060245078,0.010862555574036481
MCAR,0.5,S2,1014,xgb,0.9098341771342519,rf,0.9077273955952304,0.0021067815390214406
MCAR,0.5,S2,1015,xgb,0.9100342628139085,extratrees,0.9084184397267793,0.0016158230871292645
MCAR,0.5,S2,1016,rf,0.9050625733199741,xgb,0.904056148837352,0.0010064244826221147
MCAR,0.5,S2,1017,xgb,0.9140927862770555,extratrees,0.9094033223964774,0.004689463880578115
MCAR,0.5,S2,1018,extratrees,0.9136407096467938,xgb,0.9135351913138967,0.00010551833289706991
MCAR,0.5,S2,1019,xgb,0.9077349778624505,extratrees,0.9026211064194388,0.005113871443011675
MCAR,0.5,S2,1020,xgb,0.9152926022242838,rf,0.9061138406738245,0.009178761550459269
MNAR,0.0,S1,1001,xgb,0.9600384894535464,rf,0.9517452509750148,0.008293238478531584
MNAR,0.0,S1,1002,xgb,0.9550617483457096,extratrees,0.9493766327872983,0.0056851155584112245
MNAR,0.0,S1,1003,xgb,0.9533960065247978,rf,0.9511291524128351,0.0022668541119627017
MNAR,0.0,S1,1004,xgb,0.9555144604829993,extratrees,0.9509019326956581,0.004612527787341114
MNAR,0.0,S1,1005,xgb,0.9579001868186763,extratrees,0.9505889094573263,0.007311277361349955
MNAR,0.0,S1,1006,xgb,0.957176169270849,extratrees,0.9511864839365176,0.005989685334331418
MNAR,0.0,S1,1007,xgb,0.9573386463856224,rf,0.9521714226294495,0.005167223756172845
MNAR,0.0,S1,1008,xgb,0.9516985525752559,rf,0.9486893203306593,0.0030092322445965936
MNAR,0.0,S1,1009,xgb,0.9581727656373541,rf,0.9507452238138777,0.00742754182347638
MNAR,0.0,S1,1010,xgb,0.9523843870763748,extratrees,0.950210864239998,0.00217352283637684
MNAR,0.0,S1,1011,xgb,0.9544375251639947,rf,0.9490058435961627,0.005431681567832025
MNAR,0.0,S1,1012,xgb,0.9567830059632003,rf,0.9498715441156496,0.006911461847550759
MNAR,0.0,S1,1013,xgb,0.9564389419165785,rf,0.9507423072068086,0.005696634709769888
MNAR,0.0,S1,1014,xgb,0.9544847984862613,rf,0.9525366068208732,0.001948191665388177
MNAR,0.0,S1,1015,xgb,0.9543621776080237,extratrees,0.9495521319797234,0.00481004562830023
MNAR,0.0,S1,1016,xgb,0.9544051784842607,extratrees,0.9502716844260986,0.004133494058162102
MNAR,0.0,S1,1017,xgb,0.9581064042925757,extratrees,0.9498940874438857,0.008212316848689949
MNAR,0.0,S1,1018,xgb,0.9559385272454024,rf,0.948994936705305,0.006943590540097411
MNAR,0.0,S1,1019,xgb,0.960275807411079,rf,0.9507031541306208,0.009572653280458199
MNAR,0.0,S1,1020,xgb,0.9552839155340621,rf,0.9504970534726725,0.004786862061389563
MNAR,0.0,S2,1001,xgb,0.9575756732180458,extratrees,0.9466189970212859,0.010956676196759885
MNAR,0.0,S2,1002,xgb,0.9556778162288098,rf,0.9493668972234133,0.006310919005396487
MNAR,0.0,S2,1003,xgb,0.9570175299972792,rf,0.9487448222789456,0.00827270771833355
MNAR,0.0,S2,1004,xgb,0.9554435685130205,rf,0.9507868502472464,0.0046567182657740736
MNAR,0.0,S2,1005,xgb,0.9574439560358007,rf,0.9516789153913191,0.005765040644481578
MNAR,0.0,S2,1006,xgb,0.9538152843972177,rf,0.9494840607215206,0.00433122367569716
MNAR,0.0,S2,1007,xgb,0.957602446864475,rf,0.9494855057516386,0.008116941112836451
MNAR,0.0,S2,1008,xgb,0.9568999956244472,rf,0.9474312804940148,0.009468715130432348
MNAR,0.0,S2,1009,xgb,0.9565586085605986,rf,0.9499651733909303,0.00659343516966826
MNAR,0.0,S2,1010,xgb,0.9585421807235592,extratrees,0.948325868431585,0.010216312291974283
MNAR,0.0,S2,1011,xgb,0.9566203155412056,extratrees,0.9481265139843508,0.008493801556854863
MNAR,0.0,S2,1012,xgb,0.9527895192510186,extratrees,0.948171125140153,0.00461839411086562
MNAR,0.0,S2,1013,xgb,0.9588901979371489,extratrees,0.9514537354449086,0.007436462492240281
MNAR,0.0,S2,1014,xgb,0.95592632211658,rf,0.9492537688399263,0.0066725532766537254
MNAR,0.0,S2,1015,xgb,0.9562690215866511,extratrees,0.946373658502686,0.009895363083965103
MNAR,0.0,S2,1016,xgb,0.9588392574046065,extratrees,0.9487013037975046,0.010137953607101902
MNAR,0.0,S2,1017,xgb,0.9585855573469606,rf,0.9513151350293333,0.007270422317627312
MNAR,0.0,S2,1018,xgb,0.9563580573387547,rf,0.9490359347447315,0.007322122594023206
MNAR,0.0,S2,1019,xgb,0.9581669660773142,rf,0.9493444817258727,0.008822484351441506
MNAR,0.0,S2,1020,xgb,0.9557001805864527,rf,0.9499417211668906,0.005758459419562101
MNAR,0.05,S1,1001,xgb,0.9581400370385413,extratrees,0.9430702871897256,0.015069749848815706
MNAR,0.05,S1,1002,xgb,0.9541983628337398,extratrees,0.9444572875532025,0.009741075280537359
MNAR,0.05,S1,1003,xgb,0.9492945842730862,extratrees,0.9417778565664751,0.007516727706611159
MNAR,0.05,S1,1004,xgb,0.9489721168987997,extratrees,0.9408487156957207,0.008123401203078973
MNAR,0.05,S1,1005,xgb,0.9539409367424285,extratrees,0.9438592869658837,0.010081649776544799
MNAR,0.05,S1,1006,xgb,0.9512367187742891,extratrees,0.937794710727782,0.013442008046507081
MNAR,0.05,S1,1007,xgb,0.9561250691317735,extratrees,0.9422830745236196,0.01384199460815394
MNAR,0.05,S1,1008,xgb,0.9555718619612051,extratrees,0.9419449220809245,0.01362693988028063
MNAR,0.05,S1,1009,xgb,0.9554783162096626,rf,0.9398843834404849,0.015593932769177754
MNAR,0.05,S1,1010,xgb,0.949814507239298,extratrees,0.9403184757514145,0.009496031487883472
MNAR,0.05,S1,1011,xgb,0.949270712925642,extratrees,0.9447456109675996,0.0045251019580424545
MNAR,0.05,S1,1012,xgb,0.9523299931907884,extratrees,0.9392078504445504,0.013122142746238019
MNAR,0.05,S1,1013,xgb,0.9539676868317448,extratrees,0.9395907352080588,0.014376951623686018
MNAR,0.05,S1,1014,xgb,0.951367032001101,rf,0.9424153133697126,0.008951718631388328
MNAR,0.05,S1,1015,xgb,0.9518768860867688,extratrees,0.9371239407447416,0.014752945342027202
MNAR,0.05,S1,1016,xgb,0.9488563321118487,extratrees,0.9354869928040461,0.013369339307802597
MNAR,0.05,S1,1017,xgb,0.9564666389318901,extratrees,0.9442208692992455,0.012245769632644565
MNAR,0.05,S1,1018,xgb,0.9532097885858368,rf,0.9386829093995719,0.01452687918626494
MNAR,0.05,S1,1019,xgb,0.957246000553212,extratrees,0.9429813572498726,0.01426464330333932
MNAR,0.05,S1,1020,xgb,0.9531487242445292,extratrees,0.9409606038759935,0.012188120368535782
MNAR,0.05,S2,1001,xgb,0.9545674715551703,extratrees,0.9409107162385066,0.01365675531666366
MNAR,0.05,S2,1002,xgb,0.9510028885533226,extratrees,0.9376833735374867,0.013319515015835948
MNAR,0.05,S2,1003,xgb,0.9521786085349209,extratrees,0.9391054301089283,0.013073178425992538
MNAR,0.05,S2,1004,xgb,0.95198703690421,extratrees,0.9380950648810129,0.013891972023197141
MNAR,0.05,S2,1005,xgb,0.9566254407304537,extratrees,0.9420490551095281,0.01457638562092567
MNAR,0.05,S2,1006,xgb,0.9490646639048052,extratrees,0.9408866062378793,0.008178057666925809
MNAR,0.05,S2,1007,xgb,0.9560596914622081,extratrees,0.9382641869068031,0.017795504555405017
MNAR,0.05,S2,1008,xgb,0.9538464020529192,extratrees,0.9388782115223553,0.014968190530563863
MNAR,0.05,S2,1009,xgb,0.9583348144513423,extratrees,0.9413505366720714,0.016984277779270918
MNAR,0.05,S2,1010,xgb,0.9518668119065026,extratrees,0.937892555097364,0.013974256809138552
MNAR,0.05,S2,1011,xgb,0.9560484524245993,extratrees,0.9426117829077189,0.013436669516880495
MNAR,0.05,S2,1012,xgb,0.9488765661413829,rf,0.9381524339237899,0.010724132217593052
MNAR,0.05,S2,1013,xgb,0.9560143701463474,extratrees,0.9393718583814277,0.01664251176491971
MNAR,0.05,S2,1014,xgb,0.9517583949753637,extratrees,0.9448087772746845,0.006949617700679256
MNAR,0.05,S2,1015,xgb,0.9541327941853677,extratrees,0.9391738601908923,0.014958933994475343
MNAR,0.05,S2,1016,xgb,0.9531598214039857,extratrees,0.9402583783843003,0.012901443019685432
MNAR,0.05,S2,1017,xgb,0.9584150483789031,extratrees,0.9426037468705509,0.015811301508352194
MNAR,0.05,S2,1018,xgb,0.9527864635100277,rf,0.9357116450978971,0.017074818412130655
MNAR,0.05,S2,1019,xgb,0.9586739445395909,rf,0.9397616071005578,0.01891233743903309
MNAR,0.05,S2,1020,xgb,0.9531581280530494,extratrees,0.9386208841827296,0.01453724387031985
MNAR,0.1,S1,1001,xgb,0.966855894301869,extratrees,0.9399138153518709,0.026942078949998116
MNAR,0.1,S1,1002,xgb,0.9646253692339781,extratrees,0.937536446857296,0.027088922376682145
MNAR,0.1,S1,1003,xgb,0.9686839652516372,extratrees,0.9382161542656764,0.030467810985960853
MNAR,0.1,S1,1004,xgb,0.9628133613657127,extratrees,0.9389459725383681,0.023867388827344627
MNAR,0.1,S1,1005,xgb,0.9663148112454097,extratrees,0.9389131930916337,0.027401618153776064
MNAR,0.1,S1,1006,xgb,0.9633532241239964,extratrees,0.934129557015193,0.02922366710880342
MNAR,0.1,S1,1007,xgb,0.9696678980314527,extratrees,0.9363744997815268,0.03329339824992594
MNAR,0.1,S1,1008,xgb,0.9655320807226916,extratrees,0.934018626564703,0.03151345415798856
MNAR,0.1,S1,1009,xgb,0.9693000368121396,extratrees,0.9345174360553742,0.034782600756765425
MNAR,0.1,S1,1010,xgb,0.9721549047474527,extratrees,0.9419834547652028,0.030171449982249854
MNAR,0.1,S1,1011,xgb,0.9674968821048667,extratrees,0.9371549920373802,0.030341890067486554
MNAR,0.1,S1,1012,xgb,0.9650102182429047,extratrees,0.9351637080297479,0.029846510213156763
MNAR,0.1,S1,1013,xgb,0.9748876632469937,extratrees,0.9402042937296986,0.034683369517295115
MNAR,0.1,S1,1014,xgb,0.9635576369550629,extratrees,0.9411605870944912,0.02239704986057167
MNAR,0.1,S1,1015,xgb,0.9702184644862845,extratrees,0.9379053540883978,0.032313110397886646
MNAR,0.1,S1,1016,xgb,0.9621790166142139,extratrees,0.9417700327129541,0.02040898390125978
MNAR,0.1,S1,1017,xgb,0.9678252358032561,extratrees,0.9371395999100312,0.030685635893224927
MNAR,0.1,S1,1018,xgb,0.9710308078370808,extratrees,0.9417675530879206,0.02926325474916025
MNAR,0.1,S1,1019,xgb,0.9776886234489741,extratrees,0.9440423906845574,0.033646232764416695
MNAR,0.1,S1,1020,xgb,0.967353678505324,extratrees,0.9395359631535543,0.0278177153517698
MNAR,0.1,S2,1001,xgb,0.9690168728038572,extratrees,0.936436161082858,0.03258071172099919
MNAR,0.1,S2,1002,xgb,0.9631980565963085,extratrees,0.9318950153733521,0.03130304122295646
MNAR,0.1,S2,1003,xgb,0.9672660048684785,extratrees,0.9332260512126144,0.0340399536558641
MNAR,0.1,S2,1004,xgb,0.9669971395398965,extratrees,0.9367973096370277,0.030199829902868847
MNAR,0.1,S2,1005,xgb,0.9694440521962615,extratrees,0.938216094176289,0.031227958019972468
MNAR,0.1,S2,1006,xgb,0.9669994624293808,extratrees,0.9385100383077003,0.02848942412168054
MNAR,0.1,S2,1007,xgb,0.9715045864792264,extratrees,0.9367768181410447,0.0347277683381817
MNAR,0.1,S2,1008,xgb,0.9672114288541172,extratrees,0.932434920187232,0.0347765086668852
MNAR,0.1,S2,1009,xgb,0.9652513030140295,extratrees,0.9328259064940904,0.03242539651993914
MNAR,0.1,S2,1010,xgb,0.968842838846701,extratrees,0.9341581045716427,0.03468473427505825
MNAR,0.1,S2,1011,xgb,0.9684357963731504,extratrees,0.9371795174638444,0.031256278909305935
MNAR,0.1,S2,1012,xgb,0.9657632523223381,extratrees,0.9336788145505961,0.03208443777174197
MNAR,0.1,S2,1013,xgb,0.9639801667738288,extratrees,0.9342880841024375,0.02969208267139134
MNAR,0.1,S2,1014,xgb,0.9693691273978147,extratrees,0.9406265561009987,0.02874257129681601
MNAR,0.1,S2,1015,xgb,0.9687644460381233,extratrees,0.934789558336319,0.033974887701804235
MNAR,0.1,S2,1016,xgb,0.9656474539907004,extratrees,0.9376449920099784,0.028002461980721982
MNAR,0.1,S2,1017,xgb,0.9694198412288426,extratrees,0.93072113981667,0.038698701412172576
MNAR,0.1,S2,1018,xgb,0.970123776312831,extratrees,0.9345065103975161,0.03561726591531489
MNAR,0.1,S2,1019,xgb,0.9666253405188778,extratrees,0.93341217317214,0.03321316734673785
MNAR,0.1,S2,1020,xgb,0.9694653849270388,extratrees,0.9348707517277954,0.034594633199243385
MNAR,0.2,S1,1001,xgb,0.9877208276407762,rf,0.9745229135132594,0.013197914127516808
MNAR,0.2,S1,1002,xgb,0.9850397186336819,rf,0.9658216144183873,0.019218104215294574
MNAR,0.2,S1,1003,xgb,0.9860949922394733,rf,0.9649969622242998,0.02109803001517352
MNAR,0.2,S1,1004,xgb,0.9884412448654066,rf,0.9690327501378251,0.01940849472758155
MNAR,0.2,S1,1005,xgb,0.9861446401043586,rf,0.9646490591505117,0.02149558095384696
MNAR,0.2,S1,1006,xgb,0.9904729598373028,rf,0.9703606949970063,0.02011226484029649
MNAR,0.2,S1,1007,xgb,0.9912409605983339,rf,0.9636565072233749,0.02758445337495896
MNAR,0.2,S1,1008,xgb,0.9885327425980283,rf,0.964351869592398,0.02418087300563021
MNAR,0.2,S1,1009,xgb,0.9873917856138726,rf,0.9677077361254168,0.019684049488455813
MNAR,0.2,S1,1010,xgb,0.9903562528328258,rf,0.9689405405914373,0.021415712241388496
MNAR,0.2,S1,1011,xgb,0.9879387802898412,rf,0.9699843035174938,0.017954476772347405
MNAR,0.2,S1,1012,xgb,0.9866596213506874,rf,0.9655779745805042,0.021081646770183204
MNAR,0.2,S1,1013,xgb,0.9895795115558681,rf,0.9652488388411331,0.02433067271473499
MNAR,0.2,S1,1014,xgb,0.9881582644510857,rf,0.9674866568161263,0.020671607634959344
MNAR,0.2,S1,1015,xgb,0.9871998857397678,rf,0.9622163473200078,0.024983538419759976
MNAR,0.2,S1,1016,xgb,0.9886978364836055,rf,0.9641790011092206,0.02451883537438493
MNAR,0.2,S1,1017,xgb,0.9847983091364231,rf,0.9631140243570598,0.02168428477936324
MNAR,0.2,S1,1018,xgb,0.9914432083997486,rf,0.9672799626718549,0.024163245727893745
MNAR,0.2,S1,1019,xgb,0.991576576709097,rf,0.9673286327186652,0.02424794399043184
MNAR,0.2,S1,1020,xgb,0.9824494912083057,extratrees,0.9635637746074647,0.01888571660084104
MNAR,0.2,S2,1001,xgb,0.9849043195393115,rf,0.9591359870010082,0.02576833253830324
MNAR,0.2,S2,1002,xgb,0.9849235292019378,rf,0.9620201873848788,0.022903341817058998
MNAR,0.2,S2,1003,xgb,0.989287801775772,rf,0.966647221774012,0.022640580001760058
MNAR,0.2,S2,1004,xgb,0.9889673824592304,rf,0.9642146357282575,0.02475274673097294
MNAR,0.2,S2,1005,xgb,0.9883454579592709,rf,0.9643566478159962,0.023988810143274697
MNAR,0.2,S2,1006,xgb,0.9869176953638721,rf,0.9633103526990693,0.0236073426648028
MNAR,0.2,S2,1007,xgb,0.9863101658716685,rf,0.9688136627667727,0.01749650310489581
MNAR,0.2,S2,1008,xgb,0.9866621920289186,rf,0.9600534951838622,0.0266086968450564
MNAR,0.2,S2,1009,xgb,0.9894213559013757,rf,0.9668334693926515,0.02258788650872423
MNAR,0.2,S2,1010,xgb,0.9876101982576848,rf,0.962424303912047,0.025185894345637783
MNAR,0.2,S2,1011,xgb,0.9905165302220894,rf,0.9664898873633835,0.024026642858705927
MNAR,0.2,S2,1012,xgb,0.9894815318653256,rf,0.9652710400416356,0.02421049182369006
MNAR,0.2,S2,1013,xgb,0.9887488376773972,rf,0.9667957333618915,0.021953104315505678
MNAR,0.2,S2,1014,xgb,0.9858184636984515,rf,0.965422883943938,0.02039557975451345
MNAR,0.2,S2,1015,xgb,0.9876299984059769,rf,0.960956535675475,0.026673462730501862
MNAR,0.2,S2,1016,xgb,0.9901873055670686,rf,0.9593031338220044,0.030884171745064193
MNAR,0.2,S2,1017,xgb,0.9855407560287777,extratrees,0.9601987762596605,0.025341979769117118
MNAR,0.2,S2,1018,xgb,0.9859065168616293,rf,0.959848089396251,0.026058427465378342
MNAR,0.2,S2,1019,xgb,0.9859932622870708,rf,0.9609947984043614,0.024998463882709432
MNAR,0.2,S2,1020,xgb,0.9874493229688236,rf,0.972146560660988,0.01530276230783556
MNAR,0.3,S1,1001,xgb,0.9949365600616658,rf,0.9944427240711533,0.0004938359905124479
MNAR,0.3,S1,1002,xgb,0.9951662841590931,rf,0.9930014905154423,0.002164793643650853
MNAR,0.3,S1,1003,xgb,0.9948506914528862,rf,0.9899096266611644,0.004941064791721739
MNAR,0.3,S1,1004,xgb,0.9948463874499283,rf,0.9939939221309793,0.0008524653189490028
MNAR,0.3,S1,1005,xgb,0.9952692766462514,rf,0.9888228594047754,0.006446417241475988
MNAR,0.3,S1,1006,xgb,0.9944465261057358,rf,0.9915847887613983,0.0028617373443374783
MNAR,0.3,S1,1007,xgb,0.9937485282540607,rf,0.9926360520220813,0.001112476231979409
MNAR,0.3,S1,1008,xgb,0.9951251074530152,rf,0.9922657514841722,0.0028593559688430137
MNAR,0.3,S1,1009,xgb,0.9938692352075977,rf,0.9925652609426722,0.001303974264925567
MNAR,0.3,S1,1010,xgb,0.9961884093324512,rf,0.9950817637720843,0.0011066455603668812
MNAR,0.3,S1,1011,xgb,0.9932495079648762,rf,0.9910219827607414,0.002227525204134828
MNAR,0.3,S1,1012,xgb,0.9942696550270901,rf,0.9938184955498743,0.0004511594772157457
MNAR,0.3,S1,1013,xgb,0.9938315286702434,rf,0.9916299663384942,0.002201562331749174
MNAR,0.3,S1,1014,xgb,0.9940270858029857,rf,0.9880703103217773,0.005956775481208432
MNAR,0.3,S1,1015,xgb,0.9946795319756496,rf,0.993299053918362,0.0013804780572875819
MNAR,0.3,S1,1016,xgb,0.9941732764134132,rf,0.993618833063621,0.0005544433497922663
MNAR,0.3,S1,1017,xgb,0.994277425344728,rf,0.989128718389375,0.005148706955352966
MNAR,0.3,S1,1018,xgb,0.9935113057464313,extratrees,0.9934341011232881,7.720462314320109e-05
MNAR,0.3,S1,1019,rf,0.9948787942179385,xgb,0.9941453632859945,0.0007334309319440013
MNAR,0.3,S1,1020,xgb,0.9947839129598519,rf,0.9946686203607321,0.00011529259911979839
MNAR,0.3,S2,1001,xgb,0.9931834591268899,rf,0.9929355881650013,0.0002478709618886077
MNAR,0.3,S2,1002,xgb,0.995696810628225,rf,0.9935133926100385,0.002183418018186556
MNAR,0.3,S2,1003,xgb,0.9938161870894117,rf,0.992590177585156,0.0012260095042556651
MNAR,0.3,S2,1004,rf,0.9942739966236015,xgb,0.9940193876520498,0.00025460897155171747
MNAR,0.3,S2,1005,rf,0.9959284366475625,xgb,0.9956009517846098,0.0003274848629526428
MNAR,0.3,S2,1006,rf,0.9944112637947555,xgb,0.9937346930564267,0.00067657073832883
MNAR,0.3,S2,1007,xgb,0.9964194476050661,rf,0.9958449731907233,0.0005744744143427738
MNAR,0.3,S2,1008,xgb,0.9938603096356917,rf,0.9926263889377619,0.0012339206979298245
MNAR,0.3,S2,1009,xgb,0.9943752660844852,rf,0.9931295033738431,0.0012457627106421398
MNAR,0.3,S2,1010,xgb,0.9951212877395967,rf,0.9916024904642091,0.0035187972753876195
MNAR,0.3,S2,1011,xgb,0.992357766720404,rf,0.9916720880998804,0.0006856786205235998
MNAR,0.3,S2,1012,xgb,0.9937715293135359,rf,0.9912082199785234,0.002563309335012476
MNAR,0.3,S2,1013,xgb,0.9957134505402261,rf,0.9893229843457625,0.006390466194463595
MNAR,0.3,S2,1014,xgb,0.9939213680819984,rf,0.9932300861176133,0.0006912819643850598
MNAR,0.3,S2,1015,xgb,0.993991842474766,rf,0.9915362900238966,0.0024555524508693694
MNAR,0.3,S2,1016,xgb,0.9951844285875587,rf,0.9941235857105986,0.0010608428769601774
MNAR,0.3,S2,1017,xgb,0.9940115214247237,rf,0.9918584377758025,0.0021530836489211946
MNAR,0.3,S2,1018,rf,0.9926028529862405,xgb,0.9925727215242279,3.0131462012583654e-05
MNAR,0.3,S2,1019,rf,0.9948914278618881,extratrees,0.9942922921144317,0.000599135747456403
MNAR,0.3,S2,1020,rf,0.9957140947153388,xgb,0.9952033242738467,0.0005107704414920589
MNAR,0.4,S1,1001,rf,0.9991475379455608,xgb,0.9990910923739988,5.644557156192498e-05
MNAR,0.4,S1,1002,rf,0.9982673238751826,xgb,0.9980921784834214,0.00017514539176122224
MNAR,0.4,S1,1003,rf,0.9985335021458358,xgb,0.9984759776758599,5.752446997586702e-05
MNAR,0.4,S1,1004,rf,0.999016428871774,xgb,0.9989329212619225,8.350760985154082e-05
MNAR,0.4,S1,1005,rf,0.9982865868203616,xgb,0.9982276427327207,5.894408764095527e-05
MNAR,0.4,S1,1006,rf,0.9987310249627699,xgb,0.9984373905051729,0.0002936344575970029
MNAR,0.4,S1,1007,rf,0.9983457024830544,xgb,0.9981216677665545,0.00022403471649989903
MNAR,0.4,S1,1008,rf,0.9980326391460501,xgb,0.9979060893926105,0.00012654975343961983
MNAR,0.4,S1,1009,rf,0.9982521507167114,xgb,0.9979081711655755,0.00034397955113585343
MNAR,0.4,S1,1010,rf,0.9982926391150517,xgb,0.9979487225271424,0.000343916587909332
MNAR,0.4,S1,1011,rf,0.9982574233882866,xgb,0.9982365551743024,2.0868213984170936e-05
MNAR,0.4,S1,1012,rf,0.9985112601627593,xgb,0.9983719098898186,0.0001393502729406526
MNAR,0.4,S1,1013,rf,0.9985031787038352,xgb,0.9984324265024783,7.075220135688287e-05
MNAR,0.4,S1,1014,rf,0.9986575745986146,xgb,0.9984689420521246,0.0001886325464900418
MNAR,0.4,S1,1015,rf,0.9981337523299718,xgb,0.9979727678752963,0.0001609844546754946
MNAR,0.4,S1,1016,rf,0.9987073620920638,xgb,0.998671811884196,3.5550207867829364e-05
MNAR,0.4,S1,1017,rf,0.9979250247103394,xgb,0.9978026514388073,0.00012237327153208355
MNAR,0.4,S1,1018,rf,0.9982723230551128,xgb,0.9982499041288527,2.2418926260092675e-05
MNAR,0.4,S1,1019,rf,0.9984602421101332,xgb,0.9984236036648083,3.663844532486582e-05
MNAR,0.4,S1,1020,rf,0.9982138248782146,xgb,0.9981236709056074,9.015397260725422e-05
MNAR,0.4,S2,1001,xgb,0.9982255056685843,rf,0.9981486163376859,7.688933089833316e-05
MNAR,0.4,S2,1002,rf,0.9980366309006475,xgb,0.9979499939570271,8.663694362043284e-05
MNAR,0.4,S2,1003,rf,0.9986280414669662,xgb,0.9984115561772121,0.00021648528975404258
MNAR,0.4,S2,1004,rf,0.9985271628097889,xgb,0.9980992728943064,0.00042788991548248223
MNAR,0.4,S2,1005,rf,0.9984168615762371,xgb,0.9983919112881114,2.4950288125658027e-05
MNAR,0.4,S2,1006,xgb,0.9986910239754024,rf,0.9985914947729772,9.952920242528585e-05
MNAR,0.4,S2,1007,rf,0.9982189828799687,xgb,0.9981404804069205,7.850247304819202e-05
MNAR,0.4,S2,1008,rf,0.9974513488893086,xgb,0.9969565183817147,0.000494830507593913
MNAR,0.4,S2,1009,rf,0.9988186216518586,xgb,0.9986103625991543,0.00020825905270438483
MNAR,0.4,S2,1010,rf,0.9978981240116429,xgb,0.9976925146402662,0.00020560937137670265
MNAR,0.4,S2,1011,rf,0.9988440493374784,xgb,0.9987989728859636,4.507645151474726e-05
MNAR,0.4,S2,1012,rf,0.9985241374509446,xgb,0.9984377281977668,8.640925317782155e-05
MNAR,0.4,S2,1013,xgb,0.9984599186958377,rf,0.9983151208836019,0.00014479781223586397
MNAR,0.4,S2,1014,xgb,0.9983791156344104,rf,0.9982743425200533,0.00010477311435708181
MNAR,0.4,S2,1015,rf,0.9986163361680311,xgb,0.9985699783761867,4.635779184447575e-05
MNAR,0.4,S2,1016,xgb,0.9984176292225253,rf,0.9982927910850463,0.00012483813747898864
MNAR,0.4,S2,1017,rf,0.998459377931435,xgb,0.9983442011144275,0.00011517681700756732
MNAR,0.4,S2,1018,rf,0.9985738896931791,xgb,0.9984634745070429,0.00011041518613619239
MNAR,0.4,S2,1019,rf,0.9988361664547176,xgb,0.9984456857780168,0.00039048067670077735
MNAR,0.4,S2,1020,rf,0.9985032222225956,xgb,0.9984919834478262,1.1238774769384285e-05
MNAR,0.5,S1,1001,xgb,0.9978170315109829,rf,0.997642945157885,0.000174086353097902
MNAR,0.5,S1,1002,rf,0.9977385383751735,xgb,0.9970571127516621,0.0006814256235113669
MNAR,0.5,S1,1003,xgb,0.9980581077269826,rf,0.9978133363455954,0.00024477138138712107
MNAR,0.5,S1,1004,rf,0.9982028456980727,xgb,0.9981727507120258,3.0094986046891314e-05
MNAR,0.5,S1,1005,rf,0.9973479430187144,xgb,0.9972147040691377,0.00013323894957673055
MNAR,0.5,S1,1006,rf,0.997904921464236,xgb,0.9978165912280785,8.833023615750779e-05
MNAR,0.5,S1,1007,xgb,0.9981876940926379,rf,0.9980756385757223,0.00011205551691551019
MNAR,0.5,S1,1008,rf,0.9976958952964822,xgb,0.997506487747055,0.00018940754942720073
MNAR,0.5,S1,1009,xgb,0.9976294336193195,rf,0.997619267580004,1.0166039315584463e-05
MNAR,0.5,S1,1010,rf,0.9976571522681766,xgb,0.9973923338073952,0.000264818460781413
MNAR,0.5,S1,1011,rf,0.9980372495116958,xgb,0.9975979376599318,0.00043931185176404597
MNAR,0.5,S1,1012,rf,0.9974947215655389,xgb,0.9968914481482238,0.0006032734173150311
MNAR,0.5,S1,1013,xgb,0.997414151573007,rf,0.997387224935261,2.6926637745949833e-05
MNAR,0.5,S1,1014,rf,0.9981884768841708,xgb,0.99810060394948,8.787293469081359e-05
MNAR,0.5,S1,1015,rf,0.9978048554218264,xgb,0.9971462671350043,0.0006585882868220816
MNAR,0.5,S1,1016,rf,0.997168176132887,xgb,0.9968215942064749,0.00034658192641212615
MNAR,0.5,S1,1017,xgb,0.997429356272824,rf,0.9973571835967707,7.21726760533059e-05
MNAR,0.5,S1,1018,rf,0.9982611957514097,xgb,0.9981510394753936,0.00011015627601607125
MNAR,0.5,S1,1019,xgb,0.9973917450996701,rf,0.9972979171225553,9.382797711476876e-05
MNAR,0.5,S1,1020,xgb,0.9976815918662705,rf,0.9974598327104782,0.00022175915579225602
MNAR,0.5,S2,1001,xgb,0.998102060306859,rf,0.9980943920235077,7.668283351303096e-06
MNAR,0.5,S2,1002,xgb,0.9978040361012723,rf,0.9977160432074388,8.799289383354392e-05
MNAR,0.5,S2,1003,rf,0.9978062852832398,xgb,0.9976390152977818,0.0001672699854580184
MNAR,0.5,S2,1004,rf,0.9976179945273674,xgb,0.9974659958340476,0.0001519986933198325
MNAR,0.5,S2,1005,rf,0.9979190760638982,xgb,0.997692681558026,0.0002263945058721406
MNAR,0.5,S2,1006,xgb,0.9979592760634741,rf,0.9979381891049306,2.1086958543525824e-05
MNAR,0.5,S2,1007,xgb,0.9980394031645983,rf,0.9979904130997161,4.8990064882126205e-05
MNAR,0.5,S2,1008,xgb,0.9975424139595571,rf,0.9974601375672479,8.227639230917738e-05
MNAR,0.5,S2,1009,rf,0.9974242679123106,xgb,0.9970659853033764,0.0003582826089342239
MNAR,0.5,S2,1010,xgb,0.9977646925650371,rf,0.9976806749926965,8.401757234055562e-05
MNAR,0.5,S2,1011,xgb,0.9968503050416853,rf,0.9967858059370244,6.449910466088671e-05
MNAR,0.5,S2,1012,xgb,0.9980141288957551,rf,0.9979116381187844,0.00010249077697077613
MNAR,0.5,S2,1013,xgb,0.997575143400101,rf,0.9975520609067985,2.3082493302517548e-05
MNAR,0.5,S2,1014,rf,0.9975768743011703,xgb,0.9974652321914432,0.00011164210972702815
MNAR,0.5,S2,1015,xgb,0.998141543136804,rf,0.9980922450208898,4.929811591425359e-05
MNAR,0.5,S2,1016,xgb,0.9976586963562666,rf,0.997637596265309,2.1100090957570927e-05
MNAR,0.5,S2,1017,xgb,0.9981578078591762,rf,0.9980748652874674,8.294257170882169e-05
MNAR,0.5,S2,1018,rf,0.9975260614508599,xgb,0.9968409389957296,0.0006851224551303048
MNAR,0.5,S2,1019,rf,0.9977541603874167,xgb,0.997437018499346,0.00031714188807074883
MNAR,0.5,S2,1020,rf,0.9979845591194328,xgb,0.9979587142920096,2.5844827423293637e-05
