mechanism,rate,feature,auroc_mean,auroc_std,missing_rate_mean,n_seeds,leak_strength
MAR,0.0,admission_location,,0.0,0.0,20,
MAR,0.0,admission_type,,0.0,0.0,20,
MAR,0.0,anchor_age,,0.0,0.0,20,
MAR,0.0,anchor_year,,0.0,0.0,20,
MAR,0.0,anchor_year_group,,0.0,0.0,20,
MAR,0.0,gender,,0.0,0.0,20,
MAR,0.0,insurance,0.512035314036664,0.0,0.012854200695973298,20,0.012035314036664024
MAR,0.0,lab_50802,0.14833820967694006,0.0,0.8139336694837015,20,0.35166179032305994
MAR,0.0,lab_50820,0.1494678020873492,0.0,0.8033520346566295,20,0.3505321979126508
MAR,0.0,lab_50821,0.14833820967694006,0.0,0.8139336694837015,20,0.35166179032305994
MAR,0.0,lab_50861,0.3220240089528773,0.0,0.5340529791918187,20,0.1779759910471227
MAR,0.0,lab_50863,0.31671658354424354,0.0,0.5471912506214047,20,0.18328341645575646
MAR,0.0,lab_50868,0.4633216795031137,0.0,0.09104467012286059,20,0.036678320496886296
MAR,0.0,lab_50878,0.3202144627724039,0.0,0.5319934663731269,20,0.1797855372275961
MAR,0.0,lab_50882,0.4633216795031137,0.0,0.09104467012286059,20,0.036678320496886296
MAR,0.0,lab_50885,0.3158664632267241,0.0,0.546054967686954,20,0.18413353677327587
MAR,0.0,lab_50893,0.4255990534180475,0.0,0.17015836943398907,20,0.07440094658195251
MAR,0.0,lab_50902,0.4666008458661538,0.0,0.08465307861657553,20,0.0333991541338462
MAR,0.0,lab_50912,0.4728555860018881,0.0,0.0696683474185072,20,0.027144413998111905
MAR,0.0,lab_50931,0.46219218886695546,0.0,0.09324621830835877,20,0.037807811133044544
MAR,0.0,lab_50960,0.43427062668919814,0.0,0.15325616078403523,20,0.06572937331080186
MAR,0.0,lab_50970,0.4242630628268735,0.0,0.1755557133726298,20,0.07573693717312652
MAR,0.0,lab_50971,0.4688962623202819,0.0,0.08017896456217598,20,0.03110373767971808
MAR,0.0,lab_50983,0.46700163286608093,0.0,0.08387188409914069,20,0.03299836713391907
MAR,0.0,lab_51006,0.46893269750209343,0.0,0.08010794687877282,20,0.031067302497906568
MAR,0.0,lab_51221,0.49134033431620117,0.0,0.03643207158582487,20,0.008659665683798834
MAR,0.0,lab_51222,0.4818671870451963,0.0,0.05489666927064839,20,0.01813281295480368
MAR,0.0,lab_51248,0.48195216854467293,0.0,0.05752432355656558,20,0.018047831455327068
MAR,0.0,lab_51249,0.4805555204999803,0.0,0.05745330587316242,20,0.019444479500019707
MAR,0.0,lab_51250,0.48195216854467293,0.0,0.05752432355656558,20,0.018047831455327068
MAR,0.0,lab_51265,0.4838346868630204,0.0,0.051061714366877356,20,0.01616531313697961
MAR,0.0,lab_51274,0.32819529420289795,0.0,0.390739294084227,20,0.17180470579710205
MAR,0.0,lab_51275,0.32036162833916226,0.0,0.4143881826574817,20,0.17963837166083774
MAR,0.0,lab_51277,0.4818792981810499,0.0,0.05766635892337192,20,0.01812070181895009
MAR,0.0,lab_51279,0.48195216854467293,0.0,0.05752432355656558,20,0.018047831455327068
MAR,0.0,lab_51301,0.4808105667726611,0.0,0.056956182089340245,20,0.019189433227338903
MAR,0.0,lab_52172,0.4654659611946995,0.0,0.5309992188054826,20,0.03453403880530048
MAR,0.0,marital_status,0.573171920728443,0.0,0.02776791421063845,20,0.07317192072844303
MAR,0.0,race,,0.0,0.0,20,
MAR,0.05,admission_location,0.5100636058535664,0.008224080917228921,0.06320573822881898,20,0.01006360585356636
MAR,0.05,admission_type,0.508882525849642,0.009592209378909963,0.06327320502805198,20,0.008882525849641998
MAR,0.05,anchor_age,0.5094745924653672,0.00668814232986707,0.06253817200482921,20,0.009474592465367193
MAR,0.05,anchor_year,0.5088892175066367,0.004960706663513867,0.062282508344577804,20,0.008889217506636737
MAR,0.05,anchor_year_group,0.5066721824918163,0.005192034882326613,0.06283289539095235,20,0.006672182491816336
MAR,0.05,gender,0.5080172259026053,0.007116463546598149,0.0620268446843264,20,0.00801722590260534
MAR,0.05,insurance,0.5196991390305473,0.00541379706812789,0.07389389958099567,20,0.01969913903054732
MAR,0.05,lab_50802,0.17529095731710048,0.0059584505474253495,0.8260634898089624,20,0.3247090426828995
MAR,0.05,lab_50820,0.17970752726430406,0.007099482567724981,0.81591861373482,20,0.32029247273569594
MAR,0.05,lab_50821,0.18167424850910902,0.007220377876868314,0.8261913216390881,20,0.318325751490891
MAR,0.05,lab_50861,0.34053169718333653,0.0052474145654227596,0.5619451743484127,20,0.15946830281666347
MAR,0.05,lab_50863,0.33554793933603294,0.006712791898714065,0.5743129039130743,20,0.16445206066396706
MAR,0.05,lab_50868,0.47362642926669213,0.004739427589642838,0.14847311980683192,20,0.02637357073330787
MAR,0.05,lab_50878,0.3402493550565723,0.006987755388771558,0.5599815354023152,20,0.15975064494342772
MAR,0.05,lab_50882,0.4741577671869231,0.00703850123284633,0.14813578581066686,20,0.025842232813076904
MAR,0.05,lab_50885,0.3350943467660418,0.006684730048050328,0.5731020524110504,20,0.16490565323395823
MAR,0.05,lab_50893,0.43711409748426266,0.008008359891603992,0.2220154818549819,20,0.06288590251573734
MAR,0.05,lab_50902,0.47773569186339293,0.008138911962271327,0.14199985796463319,20,0.02226430813660707
MAR,0.05,lab_50912,0.4834426829809434,0.006287248605169502,0.1286414317164974,20,0.016557317019056605
MAR,0.05,lab_50931,0.471909126178495,0.0067800151687369475,0.15112207939777006,20,0.02809087382150499
MAR,0.05,lab_50960,0.447587945165662,0.009319635084993325,0.2059299765641645,20,0.05241205483433797
MAR,0.05,lab_50970,0.4357349953204199,0.004429598694666524,0.22721752716426388,20,0.06426500467958007
MAR,0.05,lab_50971,0.477947672361818,0.0070854541612782795,0.13753639656274413,20,0.02205232763818199
MAR,0.05,lab_50983,0.47647142158680716,0.0066024519948386,0.141950145586251,20,0.023528578413192835
MAR,0.05,lab_51006,0.47533715264957055,0.007264391379272473,0.13759676159363682,20,0.02466284735042945
MAR,0.05,lab_51221,0.5028558821649581,0.008695949068059736,0.09680775513102763,20,0.0028558821649581345
MAR,0.05,lab_51222,0.48879688892398965,0.007099915721318274,0.1135963354875364,20,0.011203111076010352
MAR,0.05,lab_51248,0.4915494549581769,0.005606926886841888,0.11744904481215823,20,0.008450545041823077
MAR,0.05,lab_51249,0.4910272512769615,0.00659395643356414,0.11567360272707905,20,0.008972748723038493
MAR,0.05,lab_51250,0.4898060671294817,0.007183321584203389,0.11791421063844898,20,0.010193932870518285
MAR,0.05,lab_51265,0.4942323056305179,0.006845994593733627,0.11166110361480008,20,0.0057676943694821015
MAR,0.05,lab_51274,0.3465200788384057,0.005792955238887965,0.42890419714508915,20,0.1534799211615943
MAR,0.05,lab_51275,0.33747620518014654,0.006272677284746002,0.4510013493359846,20,0.16252379481985346
MAR,0.05,lab_51277,0.4940008862501766,0.008684222404211267,0.11672111355727577,20,0.005999113749823426
MAR,0.05,lab_51279,0.4916338665218487,0.0061411943318047885,0.11700518429088844,20,0.008366133478151294
MAR,0.05,lab_51301,0.4904284980929541,0.008123531453060991,0.11698032810169731,20,0.00957150190704592
MAR,0.05,lab_52172,0.4712428915774479,0.005508832761715492,0.5588452524678644,20,0.02875710842255208
MAR,0.05,marital_status,0.5722894667314222,0.007498241224351813,0.08898515730416874,20,0.07228946673142223
MAR,0.05,race,0.5082904745000543,0.005610384681124191,0.0627512250550387,20,0.008290474500054268
MAR,0.1,admission_location,0.5175191498430437,0.008312834204495995,0.12409274909452454,20,0.017519149843043702
MAR,0.1,admission_type,0.5149055921694077,0.009684880103484382,0.12429870037639372,20,0.014905592169407678
MAR,0.1,anchor_age,0.5177699266859006,0.009494687914248588,0.12514025992472125,20,0.017769926685900606
MAR,0.1,anchor_year,0.5150835139147791,0.008939043555538215,0.1242312335771607,20,0.015083513914779134
MAR,0.1,anchor_year_group,0.514228508433218,0.008996757838322315,0.12533910943825013,20,0.01422850843321799
MAR,0.1,gender,0.5186868516216913,0.00875407205037546,0.12558767133016122,20,0.01868685162169126
MAR,0.1,insurance,0.5265820451087906,0.00797657724872331,0.13575740359349478,20,0.026582045108790586
MAR,0.1,lab_50802,0.21046207240057369,0.011671132920345722,0.8382359207442652,20,0.2895379275994263
MAR,0.1,lab_50820,0.20779702204470984,0.00809825949958633,0.8283467083303743,20,0.29220297795529016
MAR,0.1,lab_50821,0.20794750036333406,0.008671146633626137,0.8379696044315035,20,0.2920524996366659
MAR,0.1,lab_50861,0.35836171138695094,0.007616585769073104,0.589482281087991,20,0.14163828861304906
MAR,0.1,lab_50863,0.3574768249853343,0.007296418765895556,0.6009835949151339,20,0.14252317501466572
MAR,0.1,lab_50868,0.4843155600209574,0.010557991592025723,0.20599034159505716,20,0.01568443997904262
MAR,0.1,lab_50878,0.35661774344502584,0.009190390437522242,0.587713940771252,20,0.14338225655497416
MAR,0.1,lab_50882,0.48371437952106666,0.011782152242487898,0.20716213337120942,20,0.016285620478933338
MAR,0.1,lab_50885,0.35229769110863507,0.010491365352795814,0.6006036503089269,20,0.14770230889136493
MAR,0.1,lab_50893,0.45236547784842723,0.007191880191439873,0.2741318088203963,20,0.04763452215157277
MAR,0.1,lab_50902,0.4900989581573487,0.009469366882981426,0.20128186918542718,20,0.009901041842651281
MAR,0.1,lab_50912,0.4905982728095434,0.010795896239724354,0.18773879696044316,20,0.009401727190456621
MAR,0.1,lab_50931,0.4845535794614676,0.008076914980189165,0.20748171294652368,20,0.015446420538532402
MAR,0.1,lab_50960,0.457286105127916,0.008388718238647432,0.259931823023933,20,0.04271389487208399
MAR,0.1,lab_50970,0.45225914919983046,0.012317660600926695,0.2792273276045735,20,0.04774085080016954
MAR,0.1,lab_50971,0.49265791394539277,0.009806368087773082,0.19699240110787586,20,0.007342086054607233
MAR,0.1,lab_50983,0.48882741611053826,0.010114012148897478,0.19998934734748952,20,0.01117258388946174
MAR,0.1,lab_51006,0.4890788493973132,0.012357381184388965,0.19698529933953554,20,0.01092115060268678
MAR,0.1,lab_51221,0.5108907251903891,0.00779459842352876,0.15824160215893757,20,0.010890725190389139
MAR,0.1,lab_51222,0.504199979075214,0.012950737579098977,0.17393651019103756,20,0.0041999790752139665
MAR,0.1,lab_51248,0.5026259944870923,0.010198861255572931,0.17574746111781833,20,0.0026259944870923313
MAR,0.1,lab_51249,0.49808142306456926,0.007139503181222074,0.17552730629926852,20,0.001918576935430738
MAR,0.1,lab_51250,0.500551056681337,0.010110176876594667,0.17602087919892054,20,0.0005510566813370366
MAR,0.1,lab_51265,0.5015488107271688,0.008910465542762485,0.17100347986648676,20,0.0015488107271688367
MAR,0.1,lab_51274,0.36700238090682485,0.011670703578691478,0.4671933811519068,20,0.13299761909317515
MAR,0.1,lab_51275,0.35873699884832255,0.010519417527567503,0.4883317946168596,20,0.14126300115167745
MAR,0.1,lab_51277,0.5007131932403985,0.008379687469252581,0.17570485050777646,20,0.0007131932403985353
MAR,0.1,lab_51279,0.49882954013915387,0.009037797202180398,0.175605425751012,20,0.0011704598608461292
MAR,0.1,lab_51301,0.49821197398487305,0.010541632031756289,0.17597116682053832,20,0.0017880260151269534
MAR,0.1,lab_52172,0.48021146755620076,0.006349432722932656,0.5867552020453093,20,0.019788532443799245
MAR,0.1,marital_status,0.5792513292734907,0.008760794296597723,0.14957744478375115,20,0.07925132927349066
MAR,0.1,race,0.5199723774505713,0.009584062550314876,0.12545628861586536,20,0.019972377450571344
MAR,0.2,admission_location,0.5356776862397549,0.013200458100576283,0.2511291811661104,20,0.03567768623975487
MAR,0.2,admission_type,0.5381764934455348,0.009437174935351149,0.2494709182586464,20,0.038176493445534754
MAR,0.2,anchor_age,0.5370136259438035,0.01223777421120186,0.2499218805482565,20,0.03701362594380353
MAR,0.2,anchor_year,0.5301299667361039,0.015567905816895938,0.2500710176834032,20,0.030129966736103908
MAR,0.2,anchor_year_group,0.531530868944483,0.011071724320161284,0.2498544137490235,20,0.03153086894448298
MAR,0.2,gender,0.5320008878785646,0.011679498119487338,0.24851928130104395,20,0.03200088787856459
MAR,0.2,insurance,0.5408014345691305,0.01143272181037908,0.2619522761167531,20,0.040801434569130546
MAR,0.2,lab_50802,0.2674814984589343,0.01068148491745948,0.8615936368155671,20,0.23251850154106568
MAR,0.2,lab_50820,0.26789269696472545,0.011609485026443534,0.8535295788651375,20,0.23210730303527455
MAR,0.2,lab_50821,0.27246570920165425,0.010982472899021309,0.8619345216959022,20,0.22753429079834575
MAR,0.2,lab_50861,0.3967706928424612,0.009742509781165013,0.6459022796676372,20,0.10322930715753881
MAR,0.2,lab_50863,0.3963278934317748,0.009939435538046175,0.6559832398267169,20,0.10367210656822518
MAR,0.2,lab_50868,0.50682025893812,0.014871227349608772,0.3202258362332221,20,0.006820258938119994
MAR,0.2,lab_50878,0.39734880111967963,0.012742035566516126,0.6444961295362546,20,0.10265119888032037
MAR,0.2,lab_50882,0.49977566919623173,0.012476490779259124,0.32138697535686384,20,0.00022433080376826897
MAR,0.2,lab_50885,0.3907941424440557,0.009842981596120107,0.6547581847880122,20,0.10920585755594431
MAR,0.2,lab_50893,0.4807544280958811,0.012659916348901812,0.37941197358142176,20,0.019245571904118908
MAR,0.2,lab_50902,0.5070115792636185,0.01310437420731864,0.3169199630708046,20,0.007011579263618506
MAR,0.2,lab_50912,0.5123238491265937,0.01238342883734866,0.3048895675023081,20,0.012323849126593678
MAR,0.2,lab_50931,0.5081239463820679,0.010889362905575444,0.3246679923300902,20,0.008123946382067926
MAR,0.2,lab_50960,0.48517407671417356,0.012279369761927205,0.3657694765996733,20,0.014825923285826437
MAR,0.2,lab_50970,0.4783582347785413,0.012943980280464595,0.38184788012215043,20,0.02164176522145872
MAR,0.2,lab_50971,0.5062003621534943,0.009156559698557581,0.3124955613947873,20,0.006200362153494288
MAR,0.2,lab_50983,0.503683311913246,0.008222914687974396,0.31628435480434625,20,0.0036833119132460013
MAR,0.2,lab_51006,0.5073735292094136,0.010667875307946611,0.3139798309779135,20,0.007373529209413587
MAR,0.2,lab_51221,0.5264874103216188,0.009909310576843173,0.2779809672608479,20,0.02648741032161883
MAR,0.2,lab_51222,0.5155830372041881,0.010664189686539868,0.2935089837369505,20,0.015583037204188077
MAR,0.2,lab_51248,0.5180283773072731,0.013186241217617599,0.29432923798025706,20,0.018028377307273136
MAR,0.2,lab_51249,0.5191548045384803,0.013490918995137303,0.2943682977061288,20,0.019154804538480286
MAR,0.2,lab_51250,0.5183429157183003,0.0081343248575427,0.2952524678644982,20,0.018342915718300268
MAR,0.2,lab_51265,0.5216718547787285,0.014544063069828559,0.29057950429656987,20,0.02167185477872846
MAR,0.2,lab_51274,0.4065588008876343,0.010305175754733421,0.5435835523045238,20,0.0934411991123657
MAR,0.2,lab_51275,0.3967856740121893,0.013043522870854831,0.5623535260279809,20,0.10321432598781072
MAR,0.2,lab_51277,0.5204773660172519,0.00944333907349261,0.2947233861231447,20,0.02047736601725192
MAR,0.2,lab_51279,0.5215801103802815,0.011854526626598628,0.29480860734322845,20,0.021580110380281514
MAR,0.2,lab_51301,0.5172924120782424,0.010842081125832709,0.29366877352460763,20,0.017292412078242392
MAR,0.2,lab_52172,0.49476752114970707,0.0069079961956722115,0.6420424685746751,20,0.005232478850292932
MAR,0.2,marital_status,0.5776218573637946,0.010749459408293143,0.27021163269654147,20,0.07762185736379457
MAR,0.2,race,0.5317373383672235,0.011443981699358457,0.2491726439883531,20,0.03173733836722348
MAR,0.3,admission_location,0.5490639669486085,0.00843005450082147,0.37545628861586533,20,0.049063966948608484
MAR,0.3,admission_type,0.5516234926724575,0.018281702654255355,0.37423833534550105,20,0.05162349267245747
MAR,0.3,anchor_age,0.5505838788772428,0.00961443643571578,0.37598537035721896,20,0.050583878877242805
MAR,0.3,anchor_year,0.5514449501041557,0.01321190135149765,0.3754243306583339,20,0.05144495010415573
MAR,0.3,anchor_year_group,0.5500124877005818,0.014386803951661196,0.374305802144734,20,0.050012487700581754
MAR,0.3,gender,0.5541228799914673,0.01189972775449948,0.3748135785810667,20,0.054122879991467254
MAR,0.3,insurance,0.5579283515380329,0.014259934513417123,0.38247993750443865,20,0.057928351538032885
MAR,0.3,lab_50802,0.32110827986453444,0.008896265101531962,0.8851395497478872,20,0.17889172013546556
MAR,0.3,lab_50820,0.3228590310602801,0.014474694343945034,0.8783751154037356,20,0.17714096893971992
MAR,0.3,lab_50821,0.3276822400268358,0.008396014362246754,0.8855940629216675,20,0.17231775997316418
MAR,0.3,lab_50861,0.4379851171441983,0.011694946780731007,0.7023009729422627,20,0.0620148828558017
MAR,0.3,lab_50863,0.4315968644574598,0.01035045279053139,0.7107023648888573,20,0.06840313554254018
MAR,0.3,lab_50868,0.5265407349403624,0.011867484906751631,0.43723457140828065,20,0.026540734940362354
MAR,0.3,lab_50878,0.4325485351224976,0.008812390168744104,0.7001881968610184,20,0.06745146487750242
MAR,0.3,lab_50882,0.5251113003207517,0.01058190946847354,0.43680846530786166,20,0.025111300320751706
MAR,0.3,lab_50885,0.4361031942052184,0.010447253917289108,0.7097400752787444,20,0.06389680579478157
MAR,0.3,lab_50893,0.50202110940447,0.014609891155336917,0.48195440664725514,20,0.0020211094044699784
MAR,0.3,lab_50902,0.5264150691841002,0.014641668240080447,0.43454655209147075,20,0.026415069184100193
MAR,0.3,lab_50912,0.5302893859226671,0.008963327696834465,0.42350330232227823,20,0.030289385922667056
MAR,0.3,lab_50931,0.5214781885567474,0.010336213235687258,0.4370463745472623,20,0.021478188556747435
MAR,0.3,lab_50960,0.5108334669968495,0.009274298103965498,0.47287834670833034,20,0.010833466996849506
MAR,0.3,lab_50970,0.5075779173487238,0.013602257285545342,0.48467083303742636,20,0.007577917348723817
MAR,0.3,lab_50971,0.5251951724808939,0.012790138680423783,0.4307790639869327,20,0.025195172480893868
MAR,0.3,lab_50983,0.523307855506618,0.010519397362723766,0.43236275832682336,20,0.023307855506617958
MAR,0.3,lab_51006,0.5311977363778219,0.012845622959165906,0.42997301328030685,20,0.03119773637782186
MAR,0.3,lab_51221,0.5462017595139587,0.013353293349326218,0.3994709182586464,20,0.04620175951395866
MAR,0.3,lab_51222,0.5308469815996226,0.013450021978469754,0.41110361480008517,20,0.030846981599622625
MAR,0.3,lab_51248,0.5397429976262174,0.010882708145948529,0.4135963354875364,20,0.03974299762621736
MAR,0.3,lab_51249,0.5356775386670911,0.01290922740449049,0.4132803067963923,20,0.03567753866709111
MAR,0.3,lab_51250,0.5312343801968477,0.012236899063616117,0.4127228179816774,20,0.031234380196847655
MAR,0.3,lab_51265,0.5371112885149386,0.012621877567399638,0.40839073929408426,20,0.03711128851493861
MAR,0.3,lab_51274,0.4368633308188309,0.011579602033481464,0.6201299623606278,20,0.06313666918116911
MAR,0.3,lab_51275,0.44071849873209634,0.013576046541902248,0.6358000142035367,20,0.05928150126790366
MAR,0.3,lab_51277,0.5373990602979869,0.01183337079349474,0.4132767559122222,20,0.0373990602979869
MAR,0.3,lab_51279,0.5378022593476597,0.011124822420143666,0.41388750798948937,20,0.037802259347659684
MAR,0.3,lab_51301,0.5380852324747794,0.016496253391277204,0.4138946097578297,20,0.03808523247477935
MAR,0.3,lab_52172,0.5122000661939727,0.008844040922844458,0.6971699453163838,20,0.012200066193972736
MAR,0.3,marital_status,0.5834352839929051,0.00991067734503852,0.3929585966905759,20,0.08343528399290512
MAR,0.3,race,0.5559026979132614,0.012318640867685417,0.37469639940345145,20,0.05590269791326141
MAR,0.4,admission_location,0.5691735971539035,0.010710974685632065,0.49952773240536896,20,0.06917359715390348
MAR,0.4,admission_type,0.5691122527241913,0.010975269319050632,0.5006249556139479,20,0.0691122527241913
MAR,0.4,anchor_age,0.5656449464809924,0.009495805363056177,0.4984447127334707,20,0.0656449464809924
MAR,0.4,anchor_year,0.5692901846469879,0.01152632457794909,0.4997194801505575,20,0.06929018464698788
MAR,0.4,anchor_year_group,0.5694796323262703,0.009564949255044359,0.5006072011930971,20,0.0694796323262703
MAR,0.4,gender,0.5697541174808675,0.011913886945375799,0.4995135288686883,20,0.06975411748086746
MAR,0.4,insurance,0.5731606339640216,0.010389849447001926,0.5071195227611676,20,0.07316063396402162
MAR,0.4,lab_50802,0.3858954933140424,0.008350326109280928,0.9092784603366239,20,0.11410450668595762
MAR,0.4,lab_50820,0.38694061818494174,0.010995299581298183,0.9037497336836873,20,0.11305938181505826
MAR,0.4,lab_50821,0.38692050759296975,0.009870036874188937,0.9096548540586606,20,0.11307949240703025
MAR,0.4,lab_50861,0.4731872784628994,0.010721828439286136,0.7581279738654925,20,0.026812721537100626
MAR,0.4,lab_50863,0.47077342222432106,0.009323326266683552,0.7649279170513458,20,0.02922657777567894
MAR,0.4,lab_50868,0.5448803837052096,0.011190270601904003,0.5514878204672964,20,0.04488038370520964
MAR,0.4,lab_50878,0.47294986457918176,0.01092818060078672,0.7567750869966622,20,0.027050135420818244
MAR,0.4,lab_50882,0.5449848346188778,0.012157059308540961,0.5510049002201548,20,0.04498483461887781
MAR,0.4,lab_50885,0.4699317949680368,0.009519104824628,0.7644734038775656,20,0.030068205031963224
MAR,0.4,lab_50893,0.5311126581928068,0.009889117032747046,0.5853064413038847,20,0.03111265819280684
MAR,0.4,lab_50902,0.5465642844842712,0.009763323259119562,0.5491832966408635,20,0.04656428448427119
MAR,0.4,lab_50912,0.5561830605308463,0.009958255855282133,0.5396527235281585,20,0.05618306053084632
MAR,0.4,lab_50931,0.544162620800947,0.009665736448720591,0.5520488601661814,20,0.04416262080094702
MAR,0.4,lab_50960,0.532724940431531,0.009654073054080059,0.5800688871529011,20,0.03272494043153096
MAR,0.4,lab_50970,0.534249615395106,0.012458108557996046,0.5884099140686031,20,0.03424961539510596
MAR,0.4,lab_50971,0.5475243515250058,0.012608265119576776,0.5473119806831901,20,0.04752435152500578
MAR,0.4,lab_50983,0.5471612159091881,0.010218686246936603,0.5478801221504155,20,0.04716121590918809
MAR,0.4,lab_51006,0.5516438475226315,0.010114287627333558,0.5482210070307507,20,0.051643847522631514
MAR,0.4,lab_51221,0.5626625334786398,0.006710408575462982,0.52017967473901,20,0.06266253347863981
MAR,0.4,lab_51222,0.5558668072236921,0.013336710704349138,0.529933953554435,20,0.05586680722369208
MAR,0.4,lab_51248,0.5550919540534037,0.012522614711778327,0.5313045948441162,20,0.055091954053403724
MAR,0.4,lab_51249,0.5532580889156848,0.009443713834440596,0.5316667850294723,20,0.05325808891568484
MAR,0.4,lab_51250,0.554422172619714,0.015216972978584547,0.5310737873730559,20,0.05442217261971405
MAR,0.4,lab_51265,0.5531239351869003,0.009150546172878922,0.5278779916199133,20,0.053123935186900284
MAR,0.4,lab_51274,0.4723603575858659,0.009351485339453243,0.6967509409843051,20,0.02763964241413408
MAR,0.4,lab_51275,0.47343562290116054,0.009538121298408425,0.7094595554293018,20,0.026564377098839465
MAR,0.4,lab_51277,0.555900784557345,0.008331886579509697,0.532242028265038,20,0.05590078455734504
MAR,0.4,lab_51279,0.5563458789773886,0.010543897280468697,0.5331901143384703,20,0.05634587897738863
MAR,0.4,lab_51301,0.5517163057005386,0.007677992264780641,0.532018322562318,20,0.051716305700538645
MAR,0.4,lab_52172,0.5220876585693716,0.005701992786871867,0.7533165258149279,20,0.02208765856937156
MAR,0.4,marital_status,0.585160795174435,0.009551457918421727,0.5144556494567147,20,0.08516079517443498
MAR,0.4,race,0.5693618235421755,0.00972215909351598,0.5009764931467935,20,0.06936182354217546
MAR,0.5,admission_location,0.5771162734177462,0.007141045237713291,0.5999680420424686,20,0.07711627341774618
MAR,0.5,admission_type,0.5786276871964329,0.005975047153740142,0.6002343583552305,20,0.07862768719643287
MAR,0.5,anchor_age,0.5794456315845397,0.004504899233441283,0.6007350330232228,20,0.07944563158453966
MAR,0.5,anchor_year,0.5788535751462394,0.008104754457888884,0.6006320573822882,20,0.07885357514623936
MAR,0.5,anchor_year_group,0.5822328670172857,0.006939404675646402,0.599911227895746,20,0.08223286701728572
MAR,0.5,gender,0.5776354493149982,0.009344517995375215,0.6010510617143668,20,0.07763544931499822
MAR,0.5,insurance,0.5794304010678969,0.008918225060826361,0.6048149989347348,20,0.0794304010678969
MAR,0.5,lab_50802,0.43262895204682267,0.006728661223897572,0.9286627370215184,20,0.06737104795317733
MAR,0.5,lab_50820,0.4310890567440301,0.008492858379970693,0.923563667353171,20,0.06891094325596991
MAR,0.5,lab_50821,0.431466089633804,0.007665539768747345,0.9286946949790498,20,0.068533910366196
MAR,0.5,lab_50861,0.4977920381596447,0.0076186431924836154,0.8034656629500745,20,0.0022079618403553214
MAR,0.5,lab_50863,0.4976996678495548,0.006987699880330944,0.8092322988424117,20,0.0023003321504451724
MAR,0.5,lab_50868,0.5611957731525226,0.007314800667996743,0.6431503444357645,20,0.06119577315252256
MAR,0.5,lab_50878,0.4992494352546819,0.007913622237144764,0.8014629642781053,20,0.0007505647453180941
MAR,0.5,lab_50882,0.5621114717085902,0.007335550912299795,0.6445777998721682,20,0.062111471708590216
MAR,0.5,lab_50885,0.4968246433728475,0.00776466818343483,0.8087032171010582,20,0.0031753566271525147
MAR,0.5,lab_50893,0.548970533097597,0.00900172125012605,0.6687948299126483,20,0.048970533097597024
MAR,0.5,lab_50902,0.5612893087777848,0.008764715703841299,0.6414317164974078,20,0.06128930877778482
MAR,0.5,lab_50912,0.5664084060238957,0.010061254893377235,0.635224770967971,20,0.06640840602389575
MAR,0.5,lab_50931,0.5639799553577426,0.006835224373343716,0.6437291385555003,20,0.06397995535774259
MAR,0.5,lab_50960,0.5503234996338162,0.00872756650983873,0.6655990341595057,20,0.050323499633816215
MAR,0.5,lab_50970,0.5506677154163971,0.006312357483026273,0.6728889993608409,20,0.05066771541639714
MAR,0.5,lab_50971,0.5664496449503484,0.009756230133230102,0.6396136638022868,20,0.06644964495034844
MAR,0.5,lab_50983,0.5636417595221007,0.005769881101689171,0.6407570485050778,20,0.06364175952210072
MAR,0.5,lab_51006,0.5633211502770091,0.008083491487984868,0.6397059867907109,20,0.06332115027700913
MAR,0.5,lab_51221,0.5705281361022986,0.006935692209914316,0.6168595980399119,20,0.07052813610229858
MAR,0.5,lab_51222,0.5664753175051305,0.00755307721553453,0.6257368084653079,20,0.06647531750513047
MAR,0.5,lab_51248,0.5680134368472454,0.00790132110141527,0.6270683900291172,20,0.06801343684724537
MAR,0.5,lab_51249,0.5701588075233155,0.008396404313867845,0.6273560116469,20,0.07015880752331549
MAR,0.5,lab_51250,0.5664267152116274,0.009999090228306555,0.627647184148853,20,0.06642671521162735
MAR,0.5,lab_51265,0.5700331265009158,0.00895746853670222,0.6259250053263263,20,0.07003312650091575
MAR,0.5,lab_51274,0.5069667477061102,0.0066988715473849545,0.7583481286840423,20,0.006966747706110166
MAR,0.5,lab_51275,0.5039043299651484,0.007533431861571384,0.767669199630708,20,0.0039043299651484453
MAR,0.5,lab_51277,0.5669009781319703,0.00616295291913261,0.6268624387472481,20,0.06690097813197027
MAR,0.5,lab_51279,0.5689977770468124,0.00660326386173351,0.626546410056104,20,0.06899777704681243
MAR,0.5,lab_51301,0.5680559530405465,0.009642185998927714,0.6262871955116824,20,0.06805595304054646
MAR,0.5,lab_52172,0.5329469711372296,0.00655004756267945,0.798071869895604,20,0.03294697113722955
MAR,0.5,marital_status,0.5898292920135303,0.0065649643662991745,0.6106633051629855,20,0.08982929201353029
MAR,0.5,race,0.5767993026021233,0.009097650172551163,0.59932888289184,20,0.07679930260212331
MCAR,0.0,admission_location,,0.0,0.0,20,
MCAR,0.0,admission_type,,0.0,0.0,20,
MCAR,0.0,anchor_age,,0.0,0.0,20,
MCAR,0.0,anchor_year,,0.0,0.0,20,
MCAR,0.0,anchor_year_group,,0.0,0.0,20,
MCAR,0.0,gender,,0.0,0.0,20,
MCAR,0.0,insurance,0.512035314036664,0.0,0.012854200695973298,20,0.012035314036664024
MCAR,0.0,lab_50802,0.14833820967694006,0.0,0.8139336694837015,20,0.35166179032305994
MCAR,0.0,lab_50820,0.1494678020873492,0.0,0.8033520346566295,20,0.3505321979126508
MCAR,0.0,lab_50821,0.14833820967694006,0.0,0.8139336694837015,20,0.35166179032305994
MCAR,0.0,lab_50861,0.3220240089528773,0.0,0.5340529791918187,20,0.1779759910471227
MCAR,0.0,lab_50863,0.31671658354424354,0.0,0.5471912506214047,20,0.18328341645575646
MCAR,0.0,lab_50868,0.4633216795031137,0.0,0.09104467012286059,20,0.036678320496886296
MCAR,0.0,lab_50878,0.3202144627724039,0.0,0.5319934663731269,20,0.1797855372275961
MCAR,0.0,lab_50882,0.4633216795031137,0.0,0.09104467012286059,20,0.036678320496886296
MCAR,0.0,lab_50885,0.3158664632267241,0.0,0.546054967686954,20,0.18413353677327587
MCAR,0.0,lab_50893,0.4255990534180475,0.0,0.17015836943398907,20,0.07440094658195251
MCAR,0.0,lab_50902,0.4666008458661538,0.0,0.08465307861657553,20,0.0333991541338462
MCAR,0.0,lab_50912,0.4728555860018881,0.0,0.0696683474185072,20,0.027144413998111905
MCAR,0.0,lab_50931,0.46219218886695546,0.0,0.09324621830835877,20,0.037807811133044544
MCAR,0.0,lab_50960,0.43427062668919814,0.0,0.15325616078403523,20,0.06572937331080186
MCAR,0.0,lab_50970,0.4242630628268735,0.0,0.1755557133726298,20,0.07573693717312652
MCAR,0.0,lab_50971,0.4688962623202819,0.0,0.08017896456217598,20,0.03110373767971808
MCAR,0.0,lab_50983,0.46700163286608093,0.0,0.08387188409914069,20,0.03299836713391907
MCAR,0.0,lab_51006,0.46893269750209343,0.0,0.08010794687877282,20,0.031067302497906568
MCAR,0.0,lab_51221,0.49134033431620117,0.0,0.03643207158582487,20,0.008659665683798834
MCAR,0.0,lab_51222,0.4818671870451963,0.0,0.05489666927064839,20,0.01813281295480368
MCAR,0.0,lab_51248,0.48195216854467293,0.0,0.05752432355656558,20,0.018047831455327068
MCAR,0.0,lab_51249,0.4805555204999803,0.0,0.05745330587316242,20,0.019444479500019707
MCAR,0.0,lab_51250,0.48195216854467293,0.0,0.05752432355656558,20,0.018047831455327068
MCAR,0.0,lab_51265,0.4838346868630204,0.0,0.051061714366877356,20,0.01616531313697961
MCAR,0.0,lab_51274,0.32819529420289795,0.0,0.390739294084227,20,0.17180470579710205
MCAR,0.0,lab_51275,0.32036162833916226,0.0,0.4143881826574817,20,0.17963837166083774
MCAR,0.0,lab_51277,0.4818792981810499,0.0,0.05766635892337192,20,0.01812070181895009
MCAR,0.0,lab_51279,0.48195216854467293,0.0,0.05752432355656558,20,0.018047831455327068
MCAR,0.0,lab_51301,0.4808105667726611,0.0,0.056956182089340245,20,0.019189433227338903
MCAR,0.0,lab_52172,0.4654659611946995,0.0,0.5309992188054826,20,0.03453403880530048
MCAR,0.0,marital_status,0.573171920728443,0.0,0.02776791421063845,20,0.07317192072844303
MCAR,0.0,race,,0.0,0.0,20,
MCAR,0.05,admission_location,0.5014306508219085,0.006683089690269382,0.05028407073361267,20,0.001430650821908519
MCAR,0.05,admission_type,0.5012654813901711,0.007416646311250998,0.05032668134365457,20,0.0012654813901711304
MCAR,0.05,anchor_age,0.5008896036381445,0.004189052731322063,0.05008167033591364,20,0.0008896036381444983
MCAR,0.05,anchor_year,0.5005070444065483,0.0044637799798613155,0.04998934734748953,20,0.0005070444065482516
MCAR,0.05,anchor_year_group,0.49800096543054373,0.004127615924034804,0.05040480079539805,20,0.0019990345694562706
MCAR,0.05,gender,0.49929924866177033,0.007060896224270261,0.0498295575598324,20,0.000700751338229666
MCAR,0.05,insurance,0.5097035336426999,0.0037609543859482707,0.06153327178467438,20,0.009703533642699935
MCAR,0.05,lab_50802,0.163487485023919,0.005381487106837749,0.8233719196079823,20,0.33651251497608103
MCAR,0.05,lab_50820,0.16703448559426187,0.005697441054383437,0.8135253178041332,20,0.3329655144057381
MCAR,0.05,lab_50821,0.16844862354396667,0.006780208772258459,0.8234784461330872,20,0.33155137645603333
MCAR,0.05,lab_50861,0.33009028495568954,0.006421695297128234,0.5572970669696755,20,0.16990971504431046
MCAR,0.05,lab_50863,0.3249771822129549,0.0039356319134933315,0.5699169093104184,20,0.1750228177870451
MCAR,0.05,lab_50868,0.4655102228164029,0.005959265522035384,0.13649953838505788,20,0.03448977718359708
MCAR,0.05,lab_50878,0.32971685487439634,0.005697646658657242,0.5555109722320858,20,0.17028314512560366
MCAR,0.05,lab_50882,0.4649716029485222,0.007080523139925341,0.13643207158582488,20,0.03502839705147781
MCAR,0.05,lab_50885,0.32552007151065965,0.005107817240516803,0.5684397414956324,20,0.17447992848934035
MCAR,0.05,lab_50893,0.42830197397266023,0.005193219096599903,0.21181734251828704,20,0.07169802602733977
MCAR,0.05,lab_50902,0.46914887618836704,0.007414469356395544,0.1299659115119665,20,0.030851123811632963
MCAR,0.05,lab_50912,0.473297688258956,0.005708290319332024,0.1169909807542078,20,0.026702311741043983
MCAR,0.05,lab_50931,0.46309702811045517,0.004834110969392339,0.13882891840068176,20,0.03690297188954483
MCAR,0.05,lab_50960,0.438652557770118,0.0062595479302353565,0.19527377316951922,20,0.06134744222988198
MCAR,0.05,lab_50970,0.4267953537611896,0.005441769294553522,0.21684894538740146,20,0.0732046462388104
MCAR,0.05,lab_50971,0.4698266061910498,0.007468537806381756,0.12571195227611676,20,0.030173393808950177
MCAR,0.05,lab_50983,0.4681754767207685,0.00523124999061462,0.12962857751580142,20,0.03182452327923152
MCAR,0.05,lab_51006,0.46821196278970556,0.0068209371523861315,0.1253675165116114,20,0.03178803721029444
MCAR,0.05,lab_51221,0.49413851556962846,0.006884104106155277,0.08432994815709112,20,0.005861484430371544
MCAR,0.05,lab_51222,0.4820912939456127,0.00538690924264821,0.10194588452524678,20,0.017908706054387324
MCAR,0.05,lab_51248,0.48218841711321814,0.00412883403596365,0.10482920247141539,20,0.017811582886781863
MCAR,0.05,lab_51249,0.48193156943629684,0.003707475463837173,0.10365385981109296,20,0.018068430563703164
MCAR,0.05,lab_51250,0.48320796611487377,0.006855451607605964,0.10521624884596263,20,0.016792033885126234
MCAR,0.05,lab_51265,0.48482754556738533,0.0053367210431082834,0.09912648249414105,20,0.015172454432614668
MCAR,0.05,lab_51274,0.33709461280393355,0.0056739326358541285,0.42129820325260986,20,0.16290538719606645
MCAR,0.05,lab_51275,0.32865250993622014,0.005079684648286578,0.4436190611462254,20,0.17134749006377986
MCAR,0.05,lab_51277,0.4831411818514527,0.0069103439847829915,0.10422910304665862,20,0.016858818148547283
MCAR,0.05,lab_51279,0.48209733424740175,0.004940017189918194,0.1045877423478446,20,0.017902665752598246
MCAR,0.05,lab_51301,0.4824647189381933,0.007836367063368802,0.10415098359491512,20,0.017535281061806685
MCAR,0.05,lab_52172,0.46682649973518336,0.004590854242999074,0.5543249769192529,20,0.033173500264816635
MCAR,0.05,marital_status,0.5698369820759261,0.004993270758413449,0.07644698529933953,20,0.06983698207592615
MCAR,0.05,race,0.49931320700027726,0.005381721733249824,0.05050067466799233,20,0.0006867929997227407
MCAR,0.1,admission_location,0.5026718539645345,0.006463200543871982,0.09968042042468575,20,0.0026718539645345096
MCAR,0.1,admission_type,0.5007699832723842,0.007683392421265216,0.0996165045096229,20,0.0007699832723842004
MCAR,0.1,anchor_age,0.4994674509661837,0.0065801992555469865,0.10006036503089269,20,0.0005325490338162764
MCAR,0.1,anchor_year,0.50081188882018,0.00822121290686112,0.09911582984163056,20,0.0008118888201800178
MCAR,0.1,anchor_year_group,0.5002963411749716,0.008164138051955804,0.099282721397628,20,0.00029634117497157053
MCAR,0.1,gender,0.4994395088456073,0.00794283459664676,0.10081315247496628,20,0.0005604911543927171
MCAR,0.1,insurance,0.5111354057556189,0.007651858789436011,0.11125630281940202,20,0.011135405755618888
MCAR,0.1,lab_50802,0.18531334968777696,0.008584988177009685,0.8327853135430722,20,0.31468665031222304
MCAR,0.1,lab_50820,0.18460664455587142,0.006522459280192357,0.822849939634969,20,0.3153933554441286
MCAR,0.1,lab_50821,0.18452879743138076,0.006799535705237376,0.8327782117747319,20,0.31547120256861927
MCAR,0.1,lab_50861,0.3382458271539401,0.00503834835817954,0.5803671614231944,20,0.16175417284605992
MCAR,0.1,lab_50863,0.3379651388587524,0.004616505406743075,0.5922271145515233,20,0.1620348611412476
MCAR,0.1,lab_50868,0.466620920837138,0.008169032852069099,0.18168098856615297,20,0.03337907916286198
MCAR,0.1,lab_50878,0.33735078368208654,0.00693649134998385,0.5782011220793978,20,0.16264921631791346
MCAR,0.1,lab_50882,0.4669627907232363,0.00787071330011114,0.1821319508557631,20,0.03303720927676368
MCAR,0.1,lab_50885,0.33043903478114667,0.007645729178059691,0.5912541722889,20,0.16956096521885333
MCAR,0.1,lab_50893,0.4325563920946647,0.00613431346724213,0.25324550813152474,20,0.06744360790533532
MCAR,0.1,lab_50902,0.4708121422380646,0.005552873886132813,0.1767239542646119,20,0.029187857761935387
MCAR,0.1,lab_50912,0.47605762783761874,0.010904038841961453,0.16370641289681132,20,0.023942372162381265
MCAR,0.1,lab_50931,0.4654653200169189,0.0054022789056572765,0.18379376464739722,20,0.034534679983081074
MCAR,0.1,lab_50960,0.4396217997595685,0.007400870377726718,0.23793764647397203,20,0.0603782002404315
MCAR,0.1,lab_50970,0.43293889026171045,0.010126821764553581,0.2583658831048931,20,0.06706110973828955
MCAR,0.1,lab_50971,0.4737348391987191,0.008170575447531914,0.17200482920247143,20,0.026265160801280885
MCAR,0.1,lab_50983,0.4710234764699967,0.007883550888328383,0.17547404303671615,20,0.028976523530003295
MCAR,0.1,lab_51006,0.4714303750136886,0.009738756758787555,0.1714686456927775,20,0.02856962498631138
MCAR,0.1,lab_51221,0.49112784494652173,0.00855347569189853,0.1327959661955827,20,0.00887215505347827
MCAR,0.1,lab_51222,0.4863596093415735,0.008237375206245524,0.14907321923158867,20,0.013640390658426482
MCAR,0.1,lab_51248,0.48498478678497986,0.006490942724838826,0.1518926212626944,20,0.01501521321502014
MCAR,0.1,lab_51249,0.4812848907575546,0.00808838821682945,0.15114338470279098,20,0.018715109242445405
MCAR,0.1,lab_51250,0.48140390047780973,0.008784223674502894,0.15188907037852425,20,0.018596099522190268
MCAR,0.1,lab_51265,0.4825237225601353,0.008233257498721011,0.1457957531425325,20,0.017476277439864685
MCAR,0.1,lab_51274,0.3467365882909946,0.008289361865709801,0.4515268801931681,20,0.15326341170900543
MCAR,0.1,lab_51275,0.3380181988644436,0.008300852208971534,0.47326894396704783,20,0.16198180113555638
MCAR,0.1,lab_51277,0.48484331039884515,0.008357724531214158,0.15105106171436689,20,0.015156689601154849
MCAR,0.1,lab_51279,0.4833610396768952,0.004953344752938189,0.15114693558696116,20,0.0166389603231048
MCAR,0.1,lab_51301,0.48237548836374283,0.008396685827527043,0.15139194659470206,20,0.017624511636257167
MCAR,0.1,lab_52172,0.46757433693057815,0.003869870147335511,0.5774483346353242,20,0.03242566306942185
MCAR,0.1,marital_status,0.5672137202274696,0.007014837806179497,0.12569419785526598,20,0.06721372022746963
MCAR,0.1,race,0.5004596684927681,0.009369391120402542,0.10091967900007101,20,0.00045966849276812827
MCAR,0.2,admission_location,0.5031837326479991,0.00996670001466153,0.20161565229742204,20,0.0031837326479990935
MCAR,0.2,admission_type,0.5019109743988908,0.010406472035696498,0.20046516582629073,20,0.0019109743988907635
MCAR,0.2,anchor_age,0.5015988683924595,0.009259905271413557,0.19925786520843689,20,0.0015988683924594849
MCAR,0.2,anchor_year,0.4932887972604,0.012309700754820418,0.2000923229884241,20,0.0067112027396000196
MCAR,0.2,anchor_year_group,0.49783580108751896,0.011064560226769668,0.20002840707336125,20,0.0021641989124810412
MCAR,0.2,gender,0.49821048299209786,0.01102352954442853,0.19873943611959377,20,0.0017895170079021416
MCAR,0.2,insurance,0.5108591039306437,0.009967347980010893,0.21193452169590227,20,0.01085910393064371
MCAR,0.2,lab_50802,0.21914725288906567,0.011536030356290855,0.8509161281159008,20,0.28085274711093433
MCAR,0.2,lab_50820,0.2170475177870858,0.009663538622704096,0.8429976564164476,20,0.2829524822129142
MCAR,0.2,lab_50821,0.2225811822666917,0.01167051760044131,0.8513457851004901,20,0.2774188177333083
MCAR,0.2,lab_50861,0.3569263433285147,0.010284556268669219,0.6276152261913216,20,0.1430736566714853
MCAR,0.2,lab_50863,0.3536046302398982,0.009143707928003814,0.6373020382075137,20,0.1463953697601018
MCAR,0.2,lab_50868,0.47021650334613374,0.012201279452807213,0.27160002840707337,20,0.02978349665386626
MCAR,0.2,lab_50878,0.3600159958590093,0.009664456874210348,0.6257829699595199,20,0.13998400414099071
MCAR,0.2,lab_50882,0.4696359677530322,0.012443116359200571,0.27287124493999004,20,0.03036403224696782
MCAR,0.2,lab_50885,0.35306663119494774,0.01034694442552225,0.6361160428946808,20,0.14693336880505226
MCAR,0.2,lab_50893,0.442023448176755,0.011146345018916426,0.33632909594489024,20,0.057976551823245015
MCAR,0.2,lab_50902,0.4746020423242471,0.010184162943145055,0.26654356934876783,20,0.025397957675752925
MCAR,0.2,lab_50912,0.47970965943485977,0.011633182523472767,0.25561039698885024,20,0.02029034056514023
MCAR,0.2,lab_50931,0.47059477279305584,0.011763876816447638,0.27491300333783114,20,0.029405227206944162
MCAR,0.2,lab_50960,0.45087048025640597,0.009758758695487955,0.3221575172217882,20,0.04912951974359403
MCAR,0.2,lab_50970,0.4388426822481688,0.011210529016310778,0.34043391804559336,20,0.0611573177518312
MCAR,0.2,lab_50971,0.4728945248302711,0.00897172617164267,0.2634471983523897,20,0.027105475169728888
MCAR,0.2,lab_50983,0.473928607194951,0.008924963615003549,0.2671578723102052,20,0.026071392805049
MCAR,0.2,lab_51006,0.47373613173170515,0.010576049740006758,0.2655777288544848,20,0.026263868268294854
MCAR,0.2,lab_51221,0.4916337342153225,0.011079744868395441,0.22789929692493432,20,0.008366265784677474
MCAR,0.2,lab_51222,0.48276298873521883,0.008469516319344039,0.24463106313472055,20,0.017237011264781166
MCAR,0.2,lab_51248,0.48510690570859916,0.011193737193199738,0.24662666003834954,20,0.014893094291400844
MCAR,0.2,lab_51249,0.48358335026178373,0.011594975722292334,0.24610468006533628,20,0.01641664973821627
MCAR,0.2,lab_51250,0.48416386041132264,0.007694551574063243,0.24692848519281302,20,0.015836139588677356
MCAR,0.2,lab_51265,0.48853726281001963,0.012619681217693763,0.2411973581421774,20,0.011462737189980365
MCAR,0.2,lab_51274,0.3653082467268383,0.009756518937434108,0.5121156167885804,20,0.13469175327316169
MCAR,0.2,lab_51275,0.3574387919477841,0.011346349972319262,0.5326219728712449,20,0.1425612080522159
MCAR,0.2,lab_51277,0.4872850680482997,0.014284209793932532,0.24685036574106953,20,0.012714931951700315
MCAR,0.2,lab_51279,0.48651206716937717,0.011380524494523824,0.2457034301541084,20,0.013487932830622829
MCAR,0.2,lab_51301,0.4857323848108851,0.009866032418658115,0.244709182586464,20,0.014267615189114902
MCAR,0.2,lab_52172,0.4742163382682989,0.007477745351450517,0.6253959235849726,20,0.025783661731701102
MCAR,0.2,marital_status,0.5563271779587912,0.008426126195125259,0.22303103472764718,20,0.056327177958791164
MCAR,0.2,race,0.4982699802191567,0.009742117919429357,0.19974078545557844,20,0.001730019780843306
MCAR,0.3,admission_location,0.5001864148066065,0.008861544772528733,0.3006143029614374,20,0.00018641480660652743
MCAR,0.3,admission_type,0.5041316631093173,0.015764691625571807,0.2990696683474185,20,0.004131663109317341
MCAR,0.3,anchor_age,0.4998366370612156,0.011550665334312647,0.3012960727221078,20,0.0001633629387843838
MCAR,0.3,anchor_year,0.5008774517925907,0.009838406165325568,0.30066401533981957,20,0.0008774517925906888
MCAR,0.3,anchor_year_group,0.5020057160490259,0.010188195788180022,0.29944251118528514,20,0.002005716049025885
MCAR,0.3,gender,0.5006612934611672,0.011897326103619281,0.29913003337831123,20,0.0006612934611671673
MCAR,0.3,insurance,0.5140471518068797,0.01460272441444123,0.30823450039059724,20,0.014047151806879654
MCAR,0.3,lab_50802,0.2505594886780217,0.008997414653789405,0.8690185356153682,20,0.2494405113219783
MCAR,0.3,lab_50820,0.25559600629697643,0.013599377091157295,0.8624138910588737,20,0.24440399370302357
MCAR,0.3,lab_50821,0.25624930030202525,0.00941777528106062,0.8702187344648818,20,0.24375069969797475
MCAR,0.3,lab_50861,0.37540831320577894,0.010511824350719023,0.6731553156736028,20,0.12459168679422106
MCAR,0.3,lab_50863,0.37131479508568777,0.013690181109552873,0.683229174064342,20,0.12868520491431223
MCAR,0.3,lab_50868,0.4780311628685195,0.012276813626379493,0.36293232014771676,20,0.021968837131480512
MCAR,0.3,lab_50878,0.37228164538024283,0.008444577188915498,0.6728250834457781,20,0.12771835461975717
MCAR,0.3,lab_50882,0.46809308028726393,0.012939522192206019,0.36414672253391095,20,0.03190691971273607
MCAR,0.3,lab_50885,0.37683703031692095,0.01123357646129715,0.6826610325971167,20,0.12316296968307905
MCAR,0.3,lab_50893,0.44428806774256974,0.011553339373025282,0.41766919963070803,20,0.05571193225743026
MCAR,0.3,lab_50902,0.47767899342823306,0.014810440152863718,0.36054612598537034,20,0.022321006571766944
MCAR,0.3,lab_50912,0.47744535028051016,0.012910063719874703,0.3487110290462325,20,0.02255464971948984
MCAR,0.3,lab_50931,0.471836098064783,0.013100946799475311,0.3642532490590157,20,0.028163901935217006
MCAR,0.3,lab_50960,0.4495991214032471,0.007412500939844759,0.40578083942901777,20,0.05040087859675291
MCAR,0.3,lab_50970,0.4497543831116622,0.015269749985684823,0.42153966337618065,20,0.050245616888337785
MCAR,0.3,lab_50971,0.472739161347605,0.012456194412258672,0.3560684610468007,20,0.02726083865239498
MCAR,0.3,lab_50983,0.4773359327833996,0.013859802664565938,0.35814217740217313,20,0.022664067216600414
MCAR,0.3,lab_51006,0.48057436400252884,0.015384909489791154,0.3558802641857822,20,0.019425635997471158
MCAR,0.3,lab_51221,0.49625727227909594,0.008703917506122417,0.32601022654641004,20,0.00374272772090406
MCAR,0.3,lab_51222,0.4855502852325155,0.015273878482880227,0.33877920602229955,20,0.014449714767484523
MCAR,0.3,lab_51248,0.49001953862068204,0.010259247997161512,0.34068247993750445,20,0.009980461379317962
MCAR,0.3,lab_51249,0.48756690130380953,0.014652878689559414,0.34071443789503586,20,0.01243309869619047
MCAR,0.3,lab_51250,0.48626985462973105,0.010592540760038701,0.33947162843548045,20,0.013730145370268954
MCAR,0.3,lab_51265,0.4886927738653494,0.016246696975193223,0.33642496981748454,20,0.011307226134650628
MCAR,0.3,lab_51274,0.3778682375590138,0.010874839140643843,0.5731091541793907,20,0.12213176244098622
MCAR,0.3,lab_51275,0.3786343686760025,0.011746206774881463,0.5899119380725801,20,0.12136563132399752
MCAR,0.3,lab_51277,0.4850049635302149,0.014072701661390697,0.3405404445706981,20,0.014995036469785117
MCAR,0.3,lab_51279,0.4858654241116227,0.009812558393918508,0.3402599247212556,20,0.014134575888377299
MCAR,0.3,lab_51301,0.4867252638701002,0.014631897672212594,0.34109793338541294,20,0.013274736129899822
MCAR,0.3,lab_52172,0.47899595223449437,0.009875097278645724,0.6722249840210213,20,0.02100404776550563
MCAR,0.3,marital_status,0.5523200661776888,0.012131186451909654,0.31841133442227115,20,0.052320066177688807
MCAR,0.3,race,0.5044176640204004,0.011556149735486977,0.29976919252893974,20,0.004417664020400447
MCAR,0.4,admission_location,0.5002641550681337,0.011598356269680246,0.399485121795327,20,0.00026415506813370904
MCAR,0.4,admission_type,0.5044747186654384,0.013306727995059026,0.4018926212626944,20,0.00447471866543836
MCAR,0.4,anchor_age,0.5014367623656732,0.012753166016882889,0.39705986790710884,20,0.0014367623656732498
MCAR,0.4,anchor_year,0.5013638614697749,0.017056114612020782,0.3997159292663873,20,0.001363861469774852
MCAR,0.4,anchor_year_group,0.5022376748328969,0.008654278557391157,0.3999680420424686,20,0.002237674832896941
MCAR,0.4,gender,0.5021198558713769,0.01027670421167346,0.40117534266032245,20,0.0021198558713768634
MCAR,0.4,insurance,0.5090416753344404,0.013891956772925755,0.4089127192670975,20,0.009041675334440447
MCAR,0.4,lab_50802,0.29124849323221585,0.01091976280176709,0.8884525246786449,20,0.20875150676778415
MCAR,0.4,lab_50820,0.28976508263865625,0.007734749641360155,0.8824053689368652,20,0.21023491736134375
MCAR,0.4,lab_50821,0.29332524261963666,0.009382643197081496,0.8890135643775301,20,0.20667475738036334
MCAR,0.4,lab_50861,0.39596822831791184,0.009130273615917476,0.7207904268162773,20,0.10403177168208816
MCAR,0.4,lab_50863,0.3920283791392097,0.01377054081034785,0.7277714650948086,20,0.10797162086079032
MCAR,0.4,lab_50868,0.47710766331612264,0.014441712775366728,0.4538385057879412,20,0.022892336683877357
MCAR,0.4,lab_50878,0.38877427468544634,0.013063284819774078,0.7205667211135574,20,0.11122572531455366
MCAR,0.4,lab_50882,0.47507584217174853,0.012865202744063024,0.4538882181663234,20,0.02492415782825147
MCAR,0.4,lab_50885,0.3908503421853863,0.010521984622647406,0.7272743413109863,20,0.10914965781461372
MCAR,0.4,lab_50893,0.45917957435565704,0.01202070651361354,0.501771891200909,20,0.04082042564434296
MCAR,0.4,lab_50902,0.47696135265307155,0.014146469798478549,0.4510510617143669,20,0.023038647346928454
MCAR,0.4,lab_50912,0.4870604573653415,0.014524069250362214,0.4412825793622612,20,0.012939542634658519
MCAR,0.4,lab_50931,0.47060351520120564,0.010653310525224929,0.45506356082664584,20,0.029396484798794364
MCAR,0.4,lab_50960,0.4612703991219732,0.01383868016266616,0.49336694837014416,20,0.03872960087802679
MCAR,0.4,lab_50970,0.45729223702653093,0.015233895893048821,0.5050316028691144,20,0.042707762973469066
MCAR,0.4,lab_50971,0.48003099127713245,0.0139230752271537,0.4471628435480435,20,0.019969008722867554
MCAR,0.4,lab_50983,0.473908776482169,0.013278871931649224,0.45001775442085085,20,0.026091223517830997
MCAR,0.4,lab_51006,0.48207736613938107,0.008272538405385131,0.44876074142461475,20,0.01792263386061893
MCAR,0.4,lab_51221,0.49870328409223674,0.010943347872885506,0.4215219089553298,20,0.0012967159077632573
MCAR,0.4,lab_51222,0.48763865215067315,0.016609313546838055,0.4327533555855408,20,0.012361347849326854
MCAR,0.4,lab_51248,0.4877376174322194,0.013019918528278,0.4339571053192245,20,0.012262382567780616
MCAR,0.4,lab_51249,0.4829507367845117,0.014766275254350031,0.4354662310915418,20,0.017049263215488275
MCAR,0.4,lab_51250,0.48887315854759195,0.012668790882595874,0.4335594062921667,20,0.011126841452408054
MCAR,0.4,lab_51265,0.49034879358838507,0.010917036730193171,0.4298451814501811,20,0.009651206411614932
MCAR,0.4,lab_51274,0.3912315987065714,0.013037359455316233,0.6346317733115546,20,0.10876840129342857
MCAR,0.4,lab_51275,0.3878897953808331,0.012876283731260289,0.6485476883744052,20,0.11211020461916688
MCAR,0.4,lab_51277,0.4827539918914419,0.014029524936789802,0.43543072224984025,20,0.017246008108558086
MCAR,0.4,lab_51279,0.4861855092193223,0.010944171877224122,0.4344684326397273,20,0.013814490780677702
MCAR,0.4,lab_51301,0.48612356432153014,0.012037939734162433,0.43500816703359135,20,0.013876435678469856
MCAR,0.4,lab_52172,0.4785970378807833,0.008412713093391585,0.718812584333499,20,0.021402962119216717
MCAR,0.4,marital_status,0.5433620950758768,0.014445702536990773,0.4172963567928414,20,0.04336209507587685
MCAR,0.4,race,0.5060268370557605,0.011341414209868908,0.40054328527803423,20,0.006026837055760459
MCAR,0.5,admission_location,0.4946793897371659,0.012609941276191798,0.4987784958454656,20,0.005320610262834091
MCAR,0.5,admission_type,0.49677436689291754,0.009896436802674696,0.49846601803849155,20,0.0032256331070824595
MCAR,0.5,anchor_age,0.498050158014702,0.011396869616487997,0.49988992259072507,20,0.0019498419852980176
MCAR,0.5,anchor_year,0.49988280695012294,0.011544743419516742,0.49966976777217526,20,0.00011719304987706236
MCAR,0.5,anchor_year_group,0.49880678341665935,0.011874288444786092,0.49939279880690296,20,0.0011932165833406505
MCAR,0.5,gender,0.49841690152771295,0.011169267769861083,0.5022477096797102,20,0.0015830984722870478
MCAR,0.5,insurance,0.5023128707381523,0.00980349581525426,0.508341026915702,20,0.0023128707381523395
MCAR,0.5,lab_50802,0.3189262093936005,0.009038873038801612,0.9067111710815994,20,0.1810737906063995
MCAR,0.5,lab_50820,0.3257844148611575,0.012432242718518937,0.902421703004048,20,0.1742155851388425
MCAR,0.5,lab_50821,0.3251182260585235,0.012693514188061897,0.9063738370854344,20,0.17488177394147653
MCAR,0.5,lab_50861,0.4109275980014794,0.010348397210097747,0.7670513457851005,20,0.08907240199852062
MCAR,0.5,lab_50863,0.4081694496496319,0.010608529161373515,0.7728463887507989,20,0.09183055035036808
MCAR,0.5,lab_50868,0.48249517997147884,0.014678802444546725,0.5459910517718912,20,0.017504820028521162
MCAR,0.5,lab_50878,0.40853146065997753,0.013040291275485744,0.7648782046729636,20,0.09146853934002247
MCAR,0.5,lab_50882,0.48133777265830674,0.013414720924554886,0.5468503657410695,20,0.01866222734169326
MCAR,0.5,lab_50885,0.4080486029041486,0.013834260470110044,0.7733612669554719,20,0.09195139709585137
MCAR,0.5,lab_50893,0.4609432050828503,0.01746558997978121,0.5845074923655991,20,0.039056794917149695
MCAR,0.5,lab_50902,0.48415542841463804,0.014870967475681784,0.5412186634471984,20,0.015844571585361955
MCAR,0.5,lab_50912,0.4860433865666945,0.014915328285205639,0.536840423265393,20,0.01395661343330551
MCAR,0.5,lab_50931,0.48316010168468954,0.008202823079885164,0.5463709963780982,20,0.016839898315310464
MCAR,0.5,lab_50960,0.47119651814003893,0.014227603991171893,0.5772317307009446,20,0.028803481859961066
MCAR,0.5,lab_50970,0.4601482616754403,0.013941380297961378,0.5901072367019389,20,0.03985173832455968
MCAR,0.5,lab_50971,0.4876312887836226,0.013170564339342617,0.5390526241034017,20,0.012368711216377393
MCAR,0.5,lab_50983,0.4870264444107006,0.013007139792953619,0.541907534976209,20,0.012973555589299413
MCAR,0.5,lab_51006,0.48028733008279945,0.009041577628136649,0.5402386194162346,20,0.019712669917200554
MCAR,0.5,lab_51221,0.4958614416851862,0.014399252170632277,0.5186812016192032,20,0.0041385583148138005
MCAR,0.5,lab_51222,0.4867788632793211,0.012757934328690905,0.5277253036005966,20,0.013221136720678928
MCAR,0.5,lab_51248,0.4941033780095155,0.009751348083858984,0.5275548611604289,20,0.0058966219904845185
MCAR,0.5,lab_51249,0.4934104989095907,0.01095030709812308,0.5291847169945316,20,0.006589501090409289
MCAR,0.5,lab_51250,0.4925591420349232,0.010975384904900345,0.529866486755202,20,0.007440857965076819
MCAR,0.5,lab_51265,0.49408637153219503,0.012759862113038157,0.5278673389674029,20,0.0059136284678049655
MCAR,0.5,lab_51274,0.41543296089385473,0.010927129041441608,0.6956998792699383,20,0.08456703910614527
MCAR,0.5,lab_51275,0.41208693393670537,0.011191287568985008,0.7073893899580995,20,0.08791306606329463
MCAR,0.5,lab_51277,0.49323440910073496,0.010305919652807463,0.528410624245437,20,0.006765590899265039
MCAR,0.5,lab_51279,0.4891428246914103,0.012498693214234398,0.5292628364462751,20,0.010857175308589706
MCAR,0.5,lab_51301,0.48535550458248744,0.01306838274401437,0.5270080249982245,20,0.01464449541751256
MCAR,0.5,lab_52172,0.4800028303419167,0.008711626950699972,0.7659328172715006,20,0.01999716965808329
MCAR,0.5,marital_status,0.5376370950046347,0.015539039561319377,0.5135111142674526,20,0.037637095004634746
MCAR,0.5,race,0.49794207376027766,0.013347707456626955,0.4995419359420496,20,0.002057926239722341
MNAR,0.0,admission_location,,0.0,0.0,20,
MNAR,0.0,admission_type,,0.0,0.0,20,
MNAR,0.0,anchor_age,,0.0,0.0,20,
MNAR,0.0,anchor_year,,0.0,0.0,20,
MNAR,0.0,anchor_year_group,,0.0,0.0,20,
MNAR,0.0,gender,,0.0,0.0,20,
MNAR,0.0,insurance,0.512035314036664,0.0,0.012854200695973298,20,0.012035314036664024
MNAR,0.0,lab_50802,0.14833820967694006,0.0,0.8139336694837015,20,0.35166179032305994
MNAR,0.0,lab_50820,0.1494678020873492,0.0,0.8033520346566295,20,0.3505321979126508
MNAR,0.0,lab_50821,0.14833820967694006,0.0,0.8139336694837015,20,0.35166179032305994
MNAR,0.0,lab_50861,0.3220240089528773,0.0,0.5340529791918187,20,0.1779759910471227
MNAR,0.0,lab_50863,0.31671658354424354,0.0,0.5471912506214047,20,0.18328341645575646
MNAR,0.0,lab_50868,0.4633216795031137,0.0,0.09104467012286059,20,0.036678320496886296
MNAR,0.0,lab_50878,0.3202144627724039,0.0,0.5319934663731269,20,0.1797855372275961
MNAR,0.0,lab_50882,0.4633216795031137,0.0,0.09104467012286059,20,0.036678320496886296
MNAR,0.0,lab_50885,0.3158664632267241,0.0,0.546054967686954,20,0.18413353677327587
MNAR,0.0,lab_50893,0.4255990534180475,0.0,0.17015836943398907,20,0.07440094658195251
MNAR,0.0,lab_50902,0.4666008458661538,0.0,0.08465307861657553,20,0.0333991541338462
MNAR,0.0,lab_50912,0.4728555860018881,0.0,0.0696683474185072,20,0.027144413998111905
MNAR,0.0,lab_50931,0.46219218886695546,0.0,0.09324621830835877,20,0.037807811133044544
MNAR,0.0,lab_50960,0.43427062668919814,0.0,0.15325616078403523,20,0.06572937331080186
MNAR,0.0,lab_50970,0.4242630628268735,0.0,0.1755557133726298,20,0.07573693717312652
MNAR,0.0,lab_50971,0.4688962623202819,0.0,0.08017896456217598,20,0.03110373767971808
MNAR,0.0,lab_50983,0.46700163286608093,0.0,0.08387188409914069,20,0.03299836713391907
MNAR,0.0,lab_51006,0.46893269750209343,0.0,0.08010794687877282,20,0.031067302497906568
MNAR,0.0,lab_51221,0.49134033431620117,0.0,0.03643207158582487,20,0.008659665683798834
MNAR,0.0,lab_51222,0.4818671870451963,0.0,0.05489666927064839,20,0.01813281295480368
MNAR,0.0,lab_51248,0.48195216854467293,0.0,0.05752432355656558,20,0.018047831455327068
MNAR,0.0,lab_51249,0.4805555204999803,0.0,0.05745330587316242,20,0.019444479500019707
MNAR,0.0,lab_51250,0.48195216854467293,0.0,0.05752432355656558,20,0.018047831455327068
MNAR,0.0,lab_51265,0.4838346868630204,0.0,0.051061714366877356,20,0.01616531313697961
MNAR,0.0,lab_51274,0.32819529420289795,0.0,0.390739294084227,20,0.17180470579710205
MNAR,0.0,lab_51275,0.32036162833916226,0.0,0.4143881826574817,20,0.17963837166083774
MNAR,0.0,lab_51277,0.4818792981810499,0.0,0.05766635892337192,20,0.01812070181895009
MNAR,0.0,lab_51279,0.48195216854467293,0.0,0.05752432355656558,20,0.018047831455327068
MNAR,0.0,lab_51301,0.4808105667726611,0.0,0.056956182089340245,20,0.019189433227338903
MNAR,0.0,lab_52172,0.4654659611946995,0.0,0.5309992188054826,20,0.03453403880530048
MNAR,0.0,marital_status,0.573171920728443,0.0,0.02776791421063845,20,0.07317192072844303
MNAR,0.0,race,,0.0,0.0,20,
MNAR,0.05,admission_location,0.552466900978132,0.010511146610055828,0.028041332291740644,20,0.052466900978132
MNAR,0.05,admission_type,0.5503616090020547,0.010919449486257629,0.02767559122221433,20,0.050361609002054664
MNAR,0.05,anchor_age,0.5521693537782876,0.007204623294428173,0.028062637596761593,20,0.052169353778287575
MNAR,0.05,anchor_year,0.5509761422836595,0.008110389676932828,0.027036432071585827,20,0.05097614228365954
MNAR,0.05,anchor_year_group,0.5472786583059798,0.008056385841080727,0.027679142106384492,20,0.04727865830597977
MNAR,0.05,gender,0.5481597688828892,0.008385796628427662,0.027079042681627724,20,0.0481597688828892
MNAR,0.05,insurance,0.5590322205065344,0.006639952543390749,0.03996520133513245,20,0.05903222050653445
MNAR,0.05,lab_50802,0.1993152017755943,0.006295182164267128,0.8209963780981464,20,0.3006847982244057
MNAR,0.05,lab_50820,0.19936937112061998,0.008474579709546886,0.810695263120517,20,0.30063062887938
MNAR,0.05,lab_50821,0.20341224128476557,0.009475327546567722,0.8209715219089553,20,0.29658775871523446
MNAR,0.05,lab_50861,0.368727174579886,0.00705833459258212,0.5477700447411405,20,0.13127282542011398
MNAR,0.05,lab_50863,0.36122458544294395,0.007868588504675512,0.5605780839429018,20,0.13877541455705605
MNAR,0.05,lab_50868,0.5127281320720383,0.007804807105058556,0.11625239684681485,20,0.012728132072038267
MNAR,0.05,lab_50878,0.3656782521045897,0.007749316539932015,0.5458916270151268,20,0.1343217478954103
MNAR,0.05,lab_50882,0.5141502796552866,0.008345420437696227,0.1166927064839145,20,0.01415027965528659
MNAR,0.05,lab_50885,0.3602651646687024,0.009553623884895428,0.5592358497265819,20,0.1397348353312976
MNAR,0.05,lab_50893,0.4765570239092141,0.008837103096767595,0.19345927135856827,20,0.023442976090785883
MNAR,0.05,lab_50902,0.5160419118577994,0.00894646456222411,0.10979333854129678,20,0.01604191185779935
MNAR,0.05,lab_50912,0.5230040695451953,0.005921321156889652,0.09608337476031532,20,0.023004069545195294
MNAR,0.05,lab_50931,0.5124396631353716,0.008134071740500794,0.11876997372345714,20,0.012439663135371593
MNAR,0.05,lab_50960,0.4866027734704653,0.010741351766725199,0.17695121085150203,20,0.013397226529534678
MNAR,0.05,lab_50970,0.4748439393637155,0.007472623028841619,0.1987536396562744,20,0.025156060636284505
MNAR,0.05,lab_50971,0.5186937824481755,0.008686322861697484,0.10490377103898871,20,0.018693782448175544
MNAR,0.05,lab_50983,0.5180518769817991,0.010039062047406604,0.10936723244087779,20,0.01805187698179911
MNAR,0.05,lab_51006,0.5150424530932656,0.00992893832796521,0.10517718912009091,20,0.015042453093265573
MNAR,0.05,lab_51221,0.5414505609186062,0.009246042273219953,0.06292166749520631,20,0.041450560918606216
MNAR,0.05,lab_51222,0.5286667583313419,0.009309832156398024,0.08057666358923372,20,0.028666758331341913
MNAR,0.05,lab_51248,0.5322445659674233,0.006094040306936783,0.08407783538100987,20,0.03224456596742331
MNAR,0.05,lab_51249,0.5288531476943857,0.008924959940117253,0.08328598821106456,20,0.02885314769438574
MNAR,0.05,lab_51250,0.532527539094543,0.010184269219718439,0.0840849371493502,20,0.03252753909454298
MNAR,0.05,lab_51265,0.5344428490765207,0.007661812898821331,0.0775584120445991,20,0.03444284907652073
MNAR,0.05,lab_51274,0.37959297525623703,0.0077728249217257845,0.4082948654214899,20,0.12040702474376297
MNAR,0.05,lab_51275,0.3699315303549845,0.00835979505959018,0.43117676301399055,20,0.1300684696450155
MNAR,0.05,lab_51277,0.5327321867581929,0.007834751489145126,0.08340671827284994,20,0.032732186758192894
MNAR,0.05,lab_51279,0.5328524177694585,0.0062596468220435485,0.08359136424969818,20,0.032852417769458464
MNAR,0.05,lab_51301,0.5303238823049996,0.011978630192455207,0.08307293516085505,20,0.030323882304999605
MNAR,0.05,lab_52172,0.4927708935412839,0.0072803263269703555,0.544258220296854,20,0.007229106458716106
MNAR,0.05,marital_status,0.6117938037393488,0.008248791191380254,0.053884667282153256,20,0.11179380373934877
MNAR,0.05,race,0.5514030191127972,0.009564847127885854,0.028020026986719692,20,0.05140301911279721
MNAR,0.1,admission_location,0.6010043795495634,0.00965746553236332,0.054523826432781766,20,0.10100437954956343
MNAR,0.1,admission_type,0.5986300778735858,0.009859488554784043,0.05440309637099637,20,0.0986300778735858
MNAR,0.1,anchor_age,0.6002137462816777,0.011530595745501577,0.055226901498473126,20,0.10021374628167767
MNAR,0.1,anchor_year,0.596682663204171,0.012005103303793925,0.05442795256018749,20,0.09668266320417096
MNAR,0.1,anchor_year_group,0.597719218683147,0.00967433533920036,0.054502521127760814,20,0.09771921868314704
MNAR,0.1,gender,0.6008470925335561,0.009073079161229843,0.05552872665293658,20,0.10084709253355606
MNAR,0.1,insurance,0.6092438498837942,0.011330178292188062,0.06695547191250621,20,0.10924384988379421
MNAR,0.1,lab_50802,0.2548829199195414,0.01394627206192331,0.8279099495774448,20,0.24511708008045863
MNAR,0.1,lab_50820,0.25539069710069584,0.008469212986389295,0.8175626731056033,20,0.24460930289930416
MNAR,0.1,lab_50821,0.25576341476223297,0.009936612335170654,0.8280093743342093,20,0.24423658523776703
MNAR,0.1,lab_50861,0.41372521440781435,0.010849577952846554,0.5614587032171011,20,0.08627478559218565
MNAR,0.1,lab_50863,0.40928372503528515,0.008764488865523808,0.5734677934805766,20,0.09071627496471485
MNAR,0.1,lab_50868,0.5658794241775724,0.013817068126505773,0.1415630992117037,20,0.06587942417757242
MNAR,0.1,lab_50878,0.408300779142955,0.01052773036583384,0.5591825864640295,20,0.09169922085704502
MNAR,0.1,lab_50882,0.5641627571784432,0.011048373254030132,0.1418365172928059,20,0.06416275717844322
MNAR,0.1,lab_50885,0.4030279620683296,0.009623745781334358,0.5726723954264612,20,0.09697203793167042
MNAR,0.1,lab_50893,0.5251340112448334,0.008359148474178566,0.21679213124067892,20,0.025134011244833387
MNAR,0.1,lab_50902,0.5703117284239606,0.012917742925753482,0.1358568283502592,20,0.0703117284239606
MNAR,0.1,lab_50912,0.5727214220956783,0.013287432778794494,0.12180242880477239,20,0.07272142209567833
MNAR,0.1,lab_50931,0.5631182836627494,0.012506964312839926,0.1437326894396705,20,0.06311828366274941
MNAR,0.1,lab_50960,0.5310414263946227,0.007747708884502099,0.2005290817413536,20,0.031041426394622706
MNAR,0.1,lab_50970,0.525337982109715,0.013881494462043733,0.22184148853064412,20,0.02533798210971505
MNAR,0.1,lab_50971,0.5706548755769074,0.011835911819602203,0.13113770328811875,20,0.07065487557690742
MNAR,0.1,lab_50983,0.5662893963036406,0.011633936588668384,0.1344790852922378,20,0.06628939630364061
MNAR,0.1,lab_51006,0.5697743807342157,0.01102612645482829,0.1310382785313543,20,0.06977438073421571
MNAR,0.1,lab_51221,0.587667169295767,0.010859391376701385,0.08973794474824232,20,0.08766716929576701
MNAR,0.1,lab_51222,0.5868745107202888,0.014131318282816104,0.10720474398125132,20,0.08687451072028884
MNAR,0.1,lab_51248,0.5827227980835501,0.012931300056730766,0.10901214402386195,20,0.0827227980835501
MNAR,0.1,lab_51249,0.5771647434047232,0.010388182455375532,0.10895177899296926,20,0.07716474340472324
MNAR,0.1,lab_51250,0.5787690618083168,0.0130329328636093,0.10945600454513174,20,0.07876906180831678
MNAR,0.1,lab_51265,0.5847133904788967,0.011622543441401505,0.10373553014700661,20,0.0847133904788967
MNAR,0.1,lab_51274,0.43351858621724243,0.013978762705974342,0.42623038136495983,20,0.06648141378275757
MNAR,0.1,lab_51275,0.4227161501894833,0.013454310198916165,0.4482636176407926,20,0.07728384981051672
MNAR,0.1,lab_51277,0.5818459416703272,0.00959168125795508,0.10932462183083588,20,0.08184594167032722
MNAR,0.1,lab_51279,0.5807340834231322,0.010193583661989289,0.10967615936368155,20,0.08073408342313215
MNAR,0.1,lab_51301,0.5776608521680154,0.012646966755862877,0.10938143597755841,20,0.07766085216801544
MNAR,0.1,lab_52172,0.5212811994054756,0.007338485503250459,0.5571230736453376,20,0.02128119940547557
MNAR,0.1,marital_status,0.6531154573918028,0.011289062572066142,0.08102407499467368,20,0.15311545739180277
MNAR,0.1,race,0.6019783794852421,0.012988588419205917,0.05541864924366167,20,0.10197837948524213
MNAR,0.2,admission_location,0.7012344962194936,0.010867318787792984,0.1118137916341169,20,0.20123449621949363
MNAR,0.2,admission_type,0.7057736278083078,0.009260251789421288,0.10994957744478376,20,0.20577362780830777
MNAR,0.2,anchor_age,0.7012940188901152,0.012234353286156834,0.11072011930970811,20,0.20129401889011522
MNAR,0.2,anchor_year,0.6959406220523633,0.01436669256683663,0.10914352673815779,20,0.1959406220523633
MNAR,0.2,anchor_year_group,0.69630919750189,0.01197617195305897,0.11065975427881543,20,0.19630919750189002
MNAR,0.2,gender,0.6967804326382695,0.009949757777921106,0.10918258646402954,20,0.1967804326382695
MNAR,0.2,insurance,0.7024367045578988,0.010793572081041147,0.122040338044173,20,0.20243670455789875
MNAR,0.2,lab_50802,0.3599635821198111,0.01273482860184108,0.8415275903700021,20,0.1400364178801889
MNAR,0.2,lab_50820,0.3595246653967954,0.014817518916276464,0.8319082451530431,20,0.1404753346032046
MNAR,0.2,lab_50821,0.35861247805238283,0.011224185450945036,0.841367800582345,20,0.14138752194761717
MNAR,0.2,lab_50861,0.5012625757353087,0.012357448094665994,0.5895781549605852,20,0.0012625757353087463
MNAR,0.2,lab_50863,0.4983391968871735,0.012577457436693173,0.6004438605212699,20,0.0016608031128265144
MNAR,0.2,lab_50868,0.6629787104551059,0.014820890518264946,0.19126837582558057,20,0.16297871045510592
MNAR,0.2,lab_50878,0.501917202983044,0.015091609260880667,0.5876038633619771,20,0.0019172029830439863
MNAR,0.2,lab_50882,0.6586156890299978,0.012280897436495145,0.1922306654356935,20,0.1586156890299978
MNAR,0.2,lab_50885,0.4923032663020977,0.011598828964129284,0.5986613166678503,20,0.007696733697902303
MNAR,0.2,lab_50893,0.6303806519821349,0.014322236210275735,0.26374547262268305,20,0.1303806519821349
MNAR,0.2,lab_50902,0.6654660273479626,0.013511077591459081,0.18572189475179318,20,0.16546602734796256
MNAR,0.2,lab_50912,0.6746749533975704,0.01244786269747544,0.17321923158866556,20,0.17467495339757044
MNAR,0.2,lab_50931,0.6642696506741322,0.012368178037328538,0.19531638377956112,20,0.16426965067413224
MNAR,0.2,lab_50960,0.6360907115933492,0.012783913545542962,0.24772743413109866,20,0.13609071159334918
MNAR,0.2,lab_50970,0.6271907823468084,0.010392445348698329,0.2674490448121582,20,0.12719078234680836
MNAR,0.2,lab_50971,0.6658887161666769,0.011448676444803654,0.18154605496768694,20,0.1658887161666769
MNAR,0.2,lab_50983,0.6628124062404714,0.010921303426921023,0.1847489524891698,20,0.16281240624047144
MNAR,0.2,lab_51006,0.6641823639878733,0.011464252821494882,0.1824976919252894,20,0.16418236398787334
MNAR,0.2,lab_51221,0.6877740678801686,0.011959482446357328,0.14279880690291882,20,0.1877740678801686
MNAR,0.2,lab_51222,0.6783926293866228,0.014394385060461099,0.15996733186563455,20,0.17839262938662281
MNAR,0.2,lab_51248,0.6825430851113634,0.015904588875164213,0.16165400184645978,20,0.1825430851113634
MNAR,0.2,lab_51249,0.6788741488110529,0.014500394336095165,0.16168240891982105,20,0.1788741488110529
MNAR,0.2,lab_51250,0.6777695776002202,0.011391980123882798,0.1620197429159861,20,0.17776957760022016
MNAR,0.2,lab_51265,0.6838086377435102,0.015160915333266694,0.15611462254101272,20,0.1838086377435102
MNAR,0.2,lab_51274,0.536203436753613,0.013327656699586729,0.4608586037923443,20,0.03620343675361304
MNAR,0.2,lab_51275,0.5235228078131685,0.012826081430972466,0.48320076699098075,20,0.02352280781316851
MNAR,0.2,lab_51277,0.6794334034082976,0.011760631388826324,0.16268730913997587,20,0.1794334034082976
MNAR,0.2,lab_51279,0.6814664560211072,0.016295138947672778,0.16123854839855123,20,0.18146645602110723
MNAR,0.2,lab_51301,0.6780689618252926,0.012006197746086862,0.1607378737305589,20,0.17806896182529264
MNAR,0.2,lab_52172,0.5764217913733702,0.008967264045492883,0.5835842624813579,20,0.07642179137337024
MNAR,0.2,marital_status,0.7313077238107374,0.012403417379380258,0.13378311199488674,20,0.2313077238107374
MNAR,0.2,race,0.6971708844630207,0.01168704833935832,0.1093991903984092,20,0.19717088446302067
MNAR,0.3,admission_location,0.7990356940617167,0.008360858725201738,0.1661565229742206,20,0.2990356940617167
MNAR,0.3,admission_type,0.7953473443230527,0.011626374928159634,0.164686456927775,20,0.29534734432305265
MNAR,0.3,anchor_age,0.7987624301981301,0.009099905074781077,0.16668915559974434,20,0.2987624301981301
MNAR,0.3,anchor_year,0.7999805712955089,0.008928242676877501,0.16501313827142958,20,0.2999805712955089
MNAR,0.3,anchor_year_group,0.801433088315217,0.012601427484601331,0.16483559406292167,20,0.301433088315217
MNAR,0.3,gender,0.8040083890479508,0.00874077327821539,0.1647042113486258,20,0.3040083890479508
MNAR,0.3,insurance,0.8021555786334323,0.01442181206144213,0.17501952986293587,20,0.30215557863343234
MNAR,0.3,lab_50802,0.4586573146986037,0.009474219363762996,0.8546054967686955,20,0.04134268530139629
MNAR,0.3,lab_50820,0.46269980829802104,0.007942526797330214,0.8458880761309565,20,0.03730019170197896
MNAR,0.3,lab_50821,0.46514929570182917,0.01001738290733152,0.8552197997301327,20,0.03485070429817083
MNAR,0.3,lab_50861,0.5939377963920621,0.009311467701113128,0.6166216888005114,20,0.09393779639206212
MNAR,0.3,lab_50863,0.5854587901809831,0.009436389597040249,0.6275619629287693,20,0.08545879018098312
MNAR,0.3,lab_50868,0.765240719511386,0.014379883920450306,0.24264256799943187,20,0.26524071951138595
MNAR,0.3,lab_50878,0.5944545755057061,0.010769560798965745,0.6150557488814715,20,0.09445457550570613
MNAR,0.3,lab_50882,0.7610319420521842,0.009450124071644132,0.24316454797244513,20,0.26103194205218416
MNAR,0.3,lab_50885,0.5887555075135859,0.012416853749095843,0.6260244300830907,20,0.08875550751358585
MNAR,0.3,lab_50893,0.7292676996617431,0.01110099097768958,0.3092678076841133,20,0.2292676996617431
MNAR,0.3,lab_50902,0.764452584801359,0.012075523965510464,0.23761451601448763,20,0.264452584801359
MNAR,0.3,lab_50912,0.7686147547423748,0.011648736327978174,0.22475321355017402,20,0.26861475474237484
MNAR,0.3,lab_50931,0.7592284412622125,0.011573712010968362,0.2433278886442724,20,0.25922844126221245
MNAR,0.3,lab_50960,0.7382446923710428,0.012258121975817287,0.29414459200340887,20,0.23824469237104284
MNAR,0.3,lab_50970,0.7281126891321791,0.013890435586657006,0.31277608124422984,20,0.22811268913217908
MNAR,0.3,lab_50971,0.7624566390804167,0.012456979676024323,0.23368368723812227,20,0.2624566390804167
MNAR,0.3,lab_50983,0.7615281475010147,0.009956118557756735,0.23563312264753922,20,0.2615281475010147
MNAR,0.3,lab_51006,0.7748273145398359,0.007530609289542997,0.23289539095234715,20,0.2748273145398359
MNAR,0.3,lab_51221,0.7892515043252021,0.011362669821488878,0.19584191463674455,20,0.2892515043252021
MNAR,0.3,lab_51222,0.7740679157895423,0.012989362979676585,0.21174987571905404,20,0.27406791578954226
MNAR,0.3,lab_51248,0.7802113148948244,0.009891188051195174,0.21457993040267026,20,0.2802113148948244
MNAR,0.3,lab_51249,0.7763359193491984,0.012733126848161802,0.21445209857254457,20,0.27633591934919843
MNAR,0.3,lab_51250,0.7727708334944758,0.01079905082418606,0.21344009658404942,20,0.27277083349447584
MNAR,0.3,lab_51265,0.777391990040779,0.012907782735254466,0.20764505361835095,20,0.27739199004077897
MNAR,0.3,lab_51274,0.6312407156439643,0.010503459791208345,0.4961472906753782,20,0.13124071564396433
MNAR,0.3,lab_51275,0.6317796968104357,0.009301976662921303,0.5164654498970244,20,0.13177969681043566
MNAR,0.3,lab_51277,0.7795840496544357,0.013744092916837855,0.2135679284141751,20,0.27958404965443573
MNAR,0.3,lab_51279,0.7774070984283206,0.01155994364575812,0.21362119167672752,20,0.27740709842832056
MNAR,0.3,lab_51301,0.778585135382144,0.013023510242286233,0.21411831546054966,20,0.278585135382144
MNAR,0.3,lab_52172,0.6343666150739065,0.010300184767852879,0.6097471770470847,20,0.13436661507390646
MNAR,0.3,marital_status,0.8137986394411048,0.009744456224159464,0.1859846601803849,20,0.31379863944110475
MNAR,0.3,race,0.8056910380037265,0.010776174337423804,0.16547475321355018,20,0.30569103800372655
MNAR,0.4,admission_location,0.8738365422076138,0.005163598193800389,0.2181237128044883,20,0.37383654220761375
MNAR,0.4,admission_type,0.8766777892352968,0.0075576635257327595,0.21998792699382147,20,0.3766777892352968
MNAR,0.4,anchor_age,0.8751141856207638,0.005268810215374039,0.2170300404800795,20,0.3751141856207638
MNAR,0.4,anchor_year,0.8754038249613156,0.006273335836587811,0.2181414672253391,20,0.37540382496131564
MNAR,0.4,anchor_year_group,0.8759654966970185,0.005644896963514411,0.22011930970811733,20,0.3759654966970185
MNAR,0.4,gender,0.8735025445598202,0.007215178922093014,0.21947304878914847,20,0.37350254455982024
MNAR,0.4,insurance,0.8712252744546223,0.006717053336868224,0.2297777146509481,20,0.3712252744546223
MNAR,0.4,lab_50802,0.5448498259863859,0.005590709002212786,0.8676088345998153,20,0.04484982598638587
MNAR,0.4,lab_50820,0.5483682687019346,0.005843050389283698,0.8592145444215611,20,0.04836826870193456
MNAR,0.4,lab_50821,0.544703479702347,0.005367999411805058,0.8677544208507918,20,0.044703479702347004
MNAR,0.4,lab_50861,0.6640425719655905,0.004635303398336495,0.6429656984589163,20,0.16404257196559047
MNAR,0.4,lab_50863,0.6557384648046322,0.004265522074421922,0.6527270790426816,20,0.15573846480463216
MNAR,0.4,lab_50868,0.8399061926374879,0.005472076055611415,0.29138200411902565,20,0.3399061926374879
MNAR,0.4,lab_50878,0.6643292038770291,0.0042426179434689034,0.6417086854626801,20,0.1643292038770291
MNAR,0.4,lab_50882,0.835785470260139,0.006694839539610014,0.2914530218024288,20,0.33578547026013905
MNAR,0.4,lab_50885,0.6577071401150538,0.0049290339429937146,0.6521021234287337,20,0.15770714011505382
MNAR,0.4,lab_50893,0.8058818596353958,0.006727111006208338,0.35323130459484414,20,0.3058818596353958
MNAR,0.4,lab_50902,0.8400586657314293,0.004683838501051,0.2867552020453093,20,0.3400586657314293
MNAR,0.4,lab_50912,0.847685129397818,0.0060222443098345525,0.27412470705205594,20,0.34768512939781804
MNAR,0.4,lab_50931,0.8368760576889022,0.005094162280244927,0.2925395923584973,20,0.33687605768890216
MNAR,0.4,lab_50960,0.8111971674597594,0.007207151289802775,0.3410553227753711,20,0.31119716745975945
MNAR,0.4,lab_50970,0.8059734920821668,0.005795690038789872,0.35822029685391665,20,0.30597349208216684
MNAR,0.4,lab_50971,0.8442845005550768,0.0058016836013102405,0.28173070094453523,20,0.34428450055507676
MNAR,0.4,lab_50983,0.8388769954368497,0.00589543302603323,0.2854271713656701,20,0.3388769954368497
MNAR,0.4,lab_51006,0.8421208868445381,0.004858042810254964,0.2835736098288474,20,0.3421208868445381
MNAR,0.4,lab_51221,0.8599838657280096,0.004782723768310507,0.24680065336268733,20,0.35998386572800956
MNAR,0.4,lab_51222,0.8521733789499096,0.006468255474372439,0.26188480931752006,20,0.35217337894990963
MNAR,0.4,lab_51248,0.8538784843941398,0.004946406453818742,0.26358923371919607,20,0.3538784843941398
MNAR,0.4,lab_51249,0.8516863382723698,0.0063798985734203895,0.26478943256870957,20,0.35168633827236984
MNAR,0.4,lab_51250,0.8520968447132551,0.0072073736568892795,0.2637099637809815,20,0.3520968447132551
MNAR,0.4,lab_51265,0.8551106245397259,0.006094386816957789,0.2592322988424117,20,0.35511062453972586
MNAR,0.4,lab_51274,0.7162312374079808,0.006147458567811605,0.5309068958170584,20,0.21623123740798078
MNAR,0.4,lab_51275,0.7086915312017463,0.0039040117753823453,0.549932533200767,20,0.20869153120174633
MNAR,0.4,lab_51277,0.8496071310367906,0.004967840791818853,0.2666074852638307,20,0.34960713103679064
MNAR,0.4,lab_51279,0.8527902937489849,0.006277243444075591,0.26515162275406573,20,0.35279029374898485
MNAR,0.4,lab_51301,0.8531236654851355,0.006452458925430522,0.2653398196150841,20,0.3531236654851355
MNAR,0.4,lab_52172,0.6737171915436182,0.003868152028758475,0.6352815851146936,20,0.1737171915436182
MNAR,0.4,marital_status,0.8686164747272145,0.005337567387820453,0.23821461543924438,20,0.3686164747272145
MNAR,0.4,race,0.8752125300793798,0.007644064706006954,0.2193523187273631,20,0.3752125300793798
MNAR,0.5,admission_location,0.8508452758631779,0.0064731077764293285,0.26782543853419505,20,0.35084527586317793
MNAR,0.5,admission_type,0.8484108612259238,0.004507708207036259,0.26740288331794615,20,0.3484108612259238
MNAR,0.5,anchor_age,0.8493793958843308,0.005927748633914927,0.2683083587813365,20,0.34937939588433076
MNAR,0.5,anchor_year,0.8506867726448727,0.0063766304341985585,0.26897237412115615,20,0.3506867726448727
MNAR,0.5,anchor_year_group,0.8519383058739619,0.00461428834125089,0.2677899296924934,20,0.3519383058739619
MNAR,0.5,gender,0.8474726552942762,0.007921616143962116,0.2692315886655777,20,0.3474726552942762
MNAR,0.5,insurance,0.8451887342417839,0.006999573346784854,0.277174916554222,20,0.34518873424178387
MNAR,0.5,lab_50802,0.5419216179500468,0.004280115038775211,0.8761096513031745,20,0.041921617950046786
MNAR,0.5,lab_50820,0.5464365272671537,0.004480839911475497,0.8687060578083943,20,0.04643652726715375
MNAR,0.5,lab_50821,0.5405431874962597,0.004646873363416591,0.8760031247780697,20,0.040543187496259736
MNAR,0.5,lab_50861,0.6505312361459801,0.004893930702583222,0.6656700518429088,20,0.15053123614598007
MNAR,0.5,lab_50863,0.6469988147370744,0.006579203394473604,0.675069242241318,20,0.14699881473707443
MNAR,0.5,lab_50868,0.8169653859666335,0.0068538760654889294,0.33623677295646615,20,0.3169653859666335
MNAR,0.5,lab_50878,0.6533294173994074,0.005743861934574141,0.6635679284141751,20,0.15332941739940742
MNAR,0.5,lab_50882,0.8146445157723627,0.005216053695528584,0.33657055606846104,20,0.31464451577236274
MNAR,0.5,lab_50885,0.6461541546081142,0.006727638999436347,0.6743413109864356,20,0.1461541546081142
MNAR,0.5,lab_50893,0.7857854041068759,0.004998243454984198,0.39435764505361837,20,0.2857854041068759
MNAR,0.5,lab_50902,0.8164638780793327,0.006442485634597977,0.33037071230736453,20,0.31646387807933274
MNAR,0.5,lab_50912,0.8223098724687217,0.006044599180947862,0.3214899509977985,20,0.32230987246872167
MNAR,0.5,lab_50931,0.8175993326865919,0.0036126048755087603,0.33709608692564447,20,0.3175993326865919
MNAR,0.5,lab_50960,0.7899949041632589,0.006584987552476208,0.38433704992543144,20,0.2899949041632589
MNAR,0.5,lab_50970,0.7845562764791157,0.005466949865429271,0.40066401533981966,20,0.28455627647911574
MNAR,0.5,lab_50971,0.8207060782025202,0.005797633322734386,0.32782827924153113,20,0.3207060782025202
MNAR,0.5,lab_50983,0.8189845260393491,0.00525616887091289,0.33034585611817346,20,0.3189845260393491
MNAR,0.5,lab_51006,0.8168926275546864,0.00604986881571456,0.32716071301754135,20,0.3168926275546864
MNAR,0.5,lab_51221,0.8347871310123647,0.0036435613008342833,0.29465591932391166,20,0.3347871310123647
MNAR,0.5,lab_51222,0.8274460525228411,0.004655329341942534,0.30868546268020736,20,0.3274460525228411
MNAR,0.5,lab_51248,0.8262661632776519,0.007237865880488693,0.3107059157730275,20,0.3262661632776519
MNAR,0.5,lab_51249,0.8302696926051236,0.0071403021437082825,0.31030466586179956,20,0.3302696926051236
MNAR,0.5,lab_51250,0.8261957253186246,0.005013306765211661,0.3105638804062211,20,0.3261957253186246
MNAR,0.5,lab_51265,0.832104198920623,0.004682869667194962,0.3071479298345288,20,0.33210419892062304
MNAR,0.5,lab_51274,0.7002265087727368,0.0065713303496295365,0.5594489027767915,20,0.20022650877273684
MNAR,0.5,lab_51275,0.6923388669350522,0.003942344915333016,0.5774767417086855,20,0.1923388669350522
MNAR,0.5,lab_51277,0.828088477037897,0.005340007096057661,0.3114835594062922,20,0.328088477037897
MNAR,0.5,lab_51279,0.8284091117265513,0.005805230979608615,0.3104395994602656,20,0.3284091117265513
MNAR,0.5,lab_51301,0.8292853625829816,0.006046137788292822,0.3099886371706555,20,0.3292853625829816
MNAR,0.5,lab_52172,0.6615326764551784,0.004774738385749554,0.6576344009658405,20,0.16153267645517844
MNAR,0.5,marital_status,0.846736481428031,0.00513444005736119,0.2857503018251545,20,0.34673648142803104
MNAR,0.5,race,0.8509351527041215,0.006303862827344756,0.26737092536041474,20,0.35093515270412146
