mechanism,rate,split,seed,winner_model,winner_auroc,winner_ap,winner_brier
MAR,0.0,S1,1001,xgb,0.9600384894535464,0.5842024011112866,0.015685167722403963
MAR,0.0,S1,1002,xgb,0.9550617483457096,0.5634138093460291,0.0161458425223827
MAR,0.0,S1,1003,xgb,0.9533960065247978,0.5609460385592272,0.0160674091428518
MAR,0.0,S1,1004,xgb,0.9555144604829993,0.5540993824343483,0.016144635900855
MAR,0.0,S1,1005,xgb,0.9579001868186763,0.5742799940221098,0.01591585781425232
MAR,0.0,S1,1006,xgb,0.957176169270849,0.5738820961505523,0.0159300852566957
MAR,0.0,S1,1007,xgb,0.9573386463856224,0.5714659788668562,0.016003664210438678
MAR,0.0,S1,1008,xgb,0.9516985525752559,0.5597755354366691,0.01617240123450752
MAR,0.0,S1,1009,xgb,0.9581727656373541,0.5773928187628232,0.015869481861591282
MAR,0.0,S1,1010,xgb,0.9523843870763748,0.5705778051779341,0.01582240685820574
MAR,0.0,S1,1011,xgb,0.9544375251639947,0.5771836333125859,0.01583817210048432
MAR,0.0,S1,1012,xgb,0.9567830059632003,0.5779814686407766,0.01571226250380272
MAR,0.0,S1,1013,xgb,0.9564389419165785,0.554178534282477,0.016138713993132082
MAR,0.0,S1,1014,xgb,0.9544847984862613,0.5591339167052946,0.01613870915025468
MAR,0.0,S1,1015,xgb,0.9543621776080237,0.5790143433906465,0.01581012234091754
MAR,0.0,S1,1016,xgb,0.9544051784842607,0.5646282142797541,0.0160878343507647
MAR,0.0,S1,1017,xgb,0.9581064042925757,0.5862341142603955,0.01559020671993488
MAR,0.0,S1,1018,xgb,0.9559385272454024,0.5693847746001302,0.015938506834208922
MAR,0.0,S1,1019,xgb,0.960275807411079,0.5759214856933003,0.015814711526036203
MAR,0.0,S1,1020,xgb,0.9552839155340621,0.5695190915410929,0.01589177399873728
MAR,0.0,S2,1001,xgb,0.9575756732180458,0.5510209531284048,0.01618723012506956
MAR,0.0,S2,1002,xgb,0.9556778162288098,0.5585138043173068,0.015971211344003623
MAR,0.0,S2,1003,xgb,0.9570175299972792,0.5665805514463338,0.0156647672876715
MAR,0.0,S2,1004,xgb,0.9554435685130205,0.5550263147093284,0.016064985096454577
MAR,0.0,S2,1005,xgb,0.9574439560358007,0.5635259785605146,0.015978997759520962
MAR,0.0,S2,1006,xgb,0.9538152843972177,0.5721141515763414,0.01571456175297494
MAR,0.0,S2,1007,xgb,0.957602446864475,0.5670140877283932,0.01588017847388978
MAR,0.0,S2,1008,xgb,0.9568999956244472,0.5603344951555866,0.01586380619555706
MAR,0.0,S2,1009,xgb,0.9565586085605986,0.5690770411754604,0.01587225794792172
MAR,0.0,S2,1010,xgb,0.9585421807235592,0.5701350695879842,0.0156471766531467
MAR,0.0,S2,1011,xgb,0.9566203155412056,0.5673925899416499,0.01570358630269758
MAR,0.0,S2,1012,xgb,0.9527895192510186,0.5596565830355827,0.01600103788077826
MAR,0.0,S2,1013,xgb,0.9588901979371489,0.5597426820291005,0.01599175911396736
MAR,0.0,S2,1014,xgb,0.95592632211658,0.5629403819576039,0.0158942965790629
MAR,0.0,S2,1015,xgb,0.9562690215866511,0.562943162768109,0.01580269969999786
MAR,0.0,S2,1016,xgb,0.9588392574046065,0.5687376496292704,0.015860463678836763
MAR,0.0,S2,1017,xgb,0.9585855573469606,0.5689135019271456,0.01591775361448522
MAR,0.0,S2,1018,xgb,0.9563580573387547,0.567944954341838,0.015895381011068778
MAR,0.0,S2,1019,xgb,0.9581669660773142,0.5534323469646869,0.01608034037053582
MAR,0.0,S2,1020,xgb,0.9557001805864527,0.5569286141341275,0.01605222281068558
MAR,0.05,S1,1001,xgb,0.9537144863613942,0.5437786590336453,0.01639902312308546
MAR,0.05,S1,1002,xgb,0.9521841663797221,0.5497801342019942,0.01636379882693286
MAR,0.05,S1,1003,extratrees,0.9471184330804017,0.528447021600375,0.01770573362292386
MAR,0.05,S1,1004,xgb,0.9500526514632197,0.5228434416872146,0.01685623973608014
MAR,0.05,S1,1005,xgb,0.953671443734752,0.5258432484615962,0.016994662210345218
MAR,0.05,S1,1006,xgb,0.9494041819179786,0.5384915838998744,0.01662591397762294
MAR,0.05,S1,1007,xgb,0.9491279148992398,0.5338392239160706,0.0166750773787498
MAR,0.05,S1,1008,xgb,0.9479060586667429,0.5267140616693341,0.01700522229075426
MAR,0.05,S1,1009,xgb,0.9519650121079707,0.5250856420177616,0.01702012903988356
MAR,0.05,S1,1010,xgb,0.9485976198556176,0.543109627479345,0.01642262954264876
MAR,0.05,S1,1011,extratrees,0.9488807023631324,0.5379353696092514,0.01731647124351312
MAR,0.05,S1,1012,xgb,0.9542451769638769,0.5605228986353236,0.01640090849250548
MAR,0.05,S1,1013,xgb,0.9495324501332701,0.5484818588732097,0.016306358389556318
MAR,0.05,S1,1014,rf,0.949551485643142,0.5455051400703916,0.01694179451370684
MAR,0.05,S1,1015,xgb,0.9475930576852521,0.5423546832909119,0.01657725684344764
MAR,0.05,S1,1016,xgb,0.9502936786674223,0.5198059660683104,0.01694782916456456
MAR,0.05,S1,1017,xgb,0.9531821405355752,0.5546043627300274,0.016209709085524042
MAR,0.05,S1,1018,xgb,0.9524770631126428,0.5390911508809315,0.0166098171845078
MAR,0.05,S1,1019,xgb,0.9548839848430593,0.5272710905979184,0.0168519109487533
MAR,0.05,S1,1020,xgb,0.9520156391076429,0.5350806042078176,0.0166037103161215
MAR,0.05,S2,1001,xgb,0.9537723384106723,0.5227150041829832,0.01676902491599318
MAR,0.05,S2,1002,xgb,0.951710228145188,0.5404482129054966,0.0163337251171469
MAR,0.05,S2,1003,xgb,0.9538550781006722,0.5426212531796262,0.01638115737587208
MAR,0.05,S2,1004,xgb,0.9488864779878341,0.5290927819444002,0.01678692605346436
MAR,0.05,S2,1005,xgb,0.9530504097619911,0.5330036147980711,0.01648306045681232
MAR,0.05,S2,1006,xgb,0.9499736460189677,0.5414367475649116,0.01640219315886492
MAR,0.05,S2,1007,xgb,0.951901101990339,0.535077134390892,0.01653657928109162
MAR,0.05,S2,1008,xgb,0.9528296690099163,0.5370869956447633,0.01647461969405406
MAR,0.05,S2,1009,xgb,0.9509495082367344,0.5317641094174655,0.01675770282745356
MAR,0.05,S2,1010,xgb,0.9505176042036869,0.5157423780926013,0.01676630340516562
MAR,0.05,S2,1011,xgb,0.9539927252376188,0.5228936930200438,0.01672327872365706
MAR,0.05,S2,1012,xgb,0.9464164189796559,0.5204214832501929,0.01696482244879002
MAR,0.05,S2,1013,xgb,0.9548831639498617,0.5361227809529983,0.016675559431314418
MAR,0.05,S2,1014,xgb,0.9529229019182648,0.5463187386968923,0.016150935366749698
MAR,0.05,S2,1015,xgb,0.9522713080363975,0.5208550188435297,0.01699325107038016
MAR,0.05,S2,1016,xgb,0.9522528125328241,0.5227201536947714,0.01671639103442426
MAR,0.05,S2,1017,xgb,0.9545319582921623,0.53778365479814,0.0164077995344996
MAR,0.05,S2,1018,xgb,0.9472049865239681,0.4930349898923147,0.01760582812130446
MAR,0.05,S2,1019,xgb,0.9573046493082037,0.5471798205022239,0.0163034321740269
MAR,0.05,S2,1020,xgb,0.9515310502065428,0.5138657933800795,0.0170905485749244
MAR,0.1,S1,1001,xgb,0.9499476079627254,0.5037088624374662,0.01724199764430518
MAR,0.1,S1,1002,xgb,0.9466753895770943,0.49591563550820583,0.01762594915926454
MAR,0.1,S1,1003,xgb,0.9446531494280646,0.5137112351943236,0.01707134209573264
MAR,0.1,S1,1004,xgb,0.9439355857200209,0.4883439921986142,0.017650945484638157
MAR,0.1,S1,1005,xgb,0.9496754796931473,0.5020054819573415,0.0173474512994289
MAR,0.1,S1,1006,xgb,0.9415970937662287,0.5269011629260041,0.01699990183115002
MAR,0.1,S1,1007,xgb,0.9468763243261826,0.5052509969873049,0.01736820265650744
MAR,0.1,S1,1008,xgb,0.944541372560564,0.49265924494071056,0.01756993718445298
MAR,0.1,S1,1009,xgb,0.9445689627352483,0.5146646033306441,0.017118370905518498
MAR,0.1,S1,1010,xgb,0.9473934815539831,0.5288956723408014,0.01682219766080376
MAR,0.1,S1,1011,xgb,0.949097392750657,0.5128481528028044,0.01714810281991954
MAR,0.1,S1,1012,xgb,0.9508424891068529,0.5285359361748789,0.01695771813392638
MAR,0.1,S1,1013,xgb,0.9476878332090607,0.5194588991646091,0.017001051455736122
MAR,0.1,S1,1014,xgb,0.9441838635069694,0.5141340220194441,0.016903853416442818
MAR,0.1,S1,1015,xgb,0.9430664943123919,0.5056082416836165,0.017403113469481417
MAR,0.1,S1,1016,xgb,0.9472510122639776,0.5090043907309271,0.01717689465731376
MAR,0.1,S1,1017,xgb,0.9458692686832368,0.5111207882577504,0.0173104671761393
MAR,0.1,S1,1018,xgb,0.9485074639845565,0.5009130386078418,0.017473832517862258
MAR,0.1,S1,1019,xgb,0.953153048247479,0.5220725549236941,0.01687049902975556
MAR,0.1,S1,1020,xgb,0.9464219389263476,0.47569441111853283,0.01778220087289806
MAR,0.1,S2,1001,xgb,0.949044412516369,0.5150033428426048,0.01706687975674864
MAR,0.1,S2,1002,xgb,0.949930680730674,0.5072638531638974,0.01707313172519204
MAR,0.1,S2,1003,xgb,0.9486309122998111,0.5008360142019723,0.01734110619872804
MAR,0.1,S2,1004,xgb,0.9490740282565359,0.507760802833565,0.01689995620399708
MAR,0.1,S2,1005,xgb,0.9456476178590275,0.5045301637640103,0.01719234697520726
MAR,0.1,S2,1006,xgb,0.9490686873078193,0.5146217364849098,0.01703216955065722
MAR,0.1,S2,1007,xgb,0.9459892221837138,0.5118116867284137,0.01696153767406938
MAR,0.1,S2,1008,xgb,0.9490444630433185,0.502721128099177,0.01739770881831642
MAR,0.1,S2,1009,xgb,0.9402831176678041,0.4961555049795228,0.017268884554505298
MAR,0.1,S2,1010,xgb,0.9466551948071888,0.47473210646436315,0.01782149933278554
MAR,0.1,S2,1011,xgb,0.9487965243572166,0.5099159868964623,0.01705670375376936
MAR,0.1,S2,1012,xgb,0.9473688162159227,0.4970596687201899,0.01737591996788974
MAR,0.1,S2,1013,xgb,0.9485904777878014,0.4963801302251441,0.01733711771666998
MAR,0.1,S2,1014,xgb,0.9494212181204272,0.49402273597934176,0.01736102476716036
MAR,0.1,S2,1015,xgb,0.949765094580864,0.5055819558917394,0.017084373906254703
MAR,0.1,S2,1016,xgb,0.9522851312985416,0.5254033543854648,0.01684011742472644
MAR,0.1,S2,1017,xgb,0.9463479563926318,0.5039929104890561,0.01728776879608628
MAR,0.1,S2,1018,xgb,0.9427950401955698,0.49026704370585855,0.01723994985222812
MAR,0.1,S2,1019,xgb,0.9491889337611423,0.48860233054153734,0.0173591330647468
MAR,0.1,S2,1020,xgb,0.9436805921438903,0.48444199855338493,0.01765903457999224
MAR,0.2,S1,1001,xgb,0.9360564879982428,0.4387442075814373,0.01846688501536842
MAR,0.2,S1,1002,xgb,0.9290331289715917,0.45757898609335756,0.01815554760396474
MAR,0.2,S1,1003,xgb,0.9350998703873781,0.4452448817205159,0.01829287149012086
MAR,0.2,S1,1004,xgb,0.9380088504865357,0.4251749236663137,0.01886624731123442
MAR,0.2,S1,1005,xgb,0.9331316808076193,0.4087636456214785,0.01905264221131796
MAR,0.2,S1,1006,xgb,0.9302991173459436,0.4387917202401991,0.018694616854190778
MAR,0.2,S1,1007,xgb,0.9403381096794347,0.46584155850623465,0.01807397156953808
MAR,0.2,S1,1008,xgb,0.9305318791749212,0.43389337556503965,0.01860965713858598
MAR,0.2,S1,1009,xgb,0.9396164395868455,0.45785531042476035,0.0181854102760553
MAR,0.2,S1,1010,xgb,0.9344545646689492,0.433846951848881,0.018617328628897638
MAR,0.2,S1,1011,extratrees,0.9281891877811732,0.45195905448658547,0.018930367649905418
MAR,0.2,S1,1012,xgb,0.9337466432580589,0.4468699052181683,0.01847032122313972
MAR,0.2,S1,1013,xgb,0.9347229014895788,0.4498406039801416,0.01833487711846824
MAR,0.2,S1,1014,xgb,0.9354668241015345,0.4692359285512504,0.017974966391920998
MAR,0.2,S1,1015,xgb,0.9329720119971405,0.4566700305752784,0.018186093494296018
MAR,0.2,S1,1016,xgb,0.9311763538171979,0.4452503341308519,0.01836302652955052
MAR,0.2,S1,1017,xgb,0.9333191416132445,0.44146234077716384,0.01858416944742198
MAR,0.2,S1,1018,xgb,0.9386571521887065,0.43143449109536736,0.01879654675722118
MAR,0.2,S1,1019,xgb,0.9338865636801034,0.4395895889510347,0.01845476329326624
MAR,0.2,S1,1020,extratrees,0.9324116273797534,0.4684599343359892,0.0188525672107932
MAR,0.2,S2,1001,xgb,0.9334680493773944,0.42780303931475006,0.01870145499706264
MAR,0.2,S2,1002,xgb,0.9317940828548428,0.415717757151953,0.01870253384113308
MAR,0.2,S2,1003,xgb,0.937669119543697,0.4402622742898236,0.01840580664575094
MAR,0.2,S2,1004,xgb,0.9300972331524505,0.43064281212986694,0.018596152216196
MAR,0.2,S2,1005,xgb,0.9343874203061799,0.4274124193007186,0.01871406026184552
MAR,0.2,S2,1006,xgb,0.9374891081714722,0.44699446209607246,0.01831862106919284
MAR,0.2,S2,1007,xgb,0.9354583495810239,0.4457829976164559,0.0182258285582065
MAR,0.2,S2,1008,xgb,0.9313962796144283,0.430893557614609,0.01859363615512842
MAR,0.2,S2,1009,xgb,0.9404150310148204,0.44449141976117873,0.018341593071818298
MAR,0.2,S2,1010,xgb,0.937098866341074,0.4308613436050349,0.01863593570888038
MAR,0.2,S2,1011,xgb,0.934009269012904,0.4483008800191678,0.01830120421946044
MAR,0.2,S2,1012,xgb,0.9356055300168382,0.4392289935663486,0.018589839711785277
MAR,0.2,S2,1013,xgb,0.9419482760729938,0.4445142601457325,0.018493665754795018
MAR,0.2,S2,1014,xgb,0.9350455883601303,0.46063957193794086,0.01804551817476744
MAR,0.2,S2,1015,xgb,0.9337025928142108,0.44367594543446404,0.01853960193693632
MAR,0.2,S2,1016,xgb,0.9308152037337258,0.4533379061406818,0.018189436942338922
MAR,0.2,S2,1017,xgb,0.9369426704926743,0.4457272134423424,0.01813653111457822
MAR,0.2,S2,1018,xgb,0.9317931611056418,0.451915840809734,0.0182530272752046
MAR,0.2,S2,1019,xgb,0.9404391568907361,0.43165411407156257,0.018616384640336
MAR,0.2,S2,1020,xgb,0.937137959246351,0.4511797618303941,0.01821814514696592
MAR,0.3,S1,1001,xgb,0.9089724115409364,0.35770312255513914,0.01996818818151948
MAR,0.3,S1,1002,xgb,0.9127693058788069,0.3805294789227095,0.01965035423636432
MAR,0.3,S1,1003,xgb,0.9203995580174726,0.38003664223861444,0.01966687887907024
MAR,0.3,S1,1004,xgb,0.9089644143074042,0.3331647060703107,0.02044287621974942
MAR,0.3,S1,1005,xgb,0.9095188576234345,0.3634526477361897,0.01987604983150956
MAR,0.3,S1,1006,xgb,0.9083900434106982,0.3382063911815757,0.020391686633229218
MAR,0.3,S1,1007,xgb,0.9149305562723452,0.3990439075173582,0.01924250163137908
MAR,0.3,S1,1008,xgb,0.9103979134576822,0.40393603162343555,0.01910066790878766
MAR,0.3,S1,1009,xgb,0.9087672720668667,0.3744060072517761,0.01972733475267882
MAR,0.3,S1,1010,xgb,0.907090788102467,0.35764265632003056,0.0200981397181749
MAR,0.3,S1,1011,xgb,0.9133194999405916,0.3723278624291787,0.01966414265334602
MAR,0.3,S1,1012,xgb,0.9144120970297414,0.38176759736393473,0.01959868818521496
MAR,0.3,S1,1013,xgb,0.9052543070846342,0.3389809993134416,0.02037404179573054
MAR,0.3,S1,1014,xgb,0.9121327671533749,0.3292177955565405,0.02043173536658282
MAR,0.3,S1,1015,xgb,0.9100742655930212,0.4035147107200137,0.01930957138538354
MAR,0.3,S1,1016,xgb,0.9067667105223561,0.3735874556293882,0.0197338834404945
MAR,0.3,S1,1017,xgb,0.9138984156582349,0.3621895158933806,0.01997371241450304
MAR,0.3,S1,1018,xgb,0.9061121360113645,0.3564499529810045,0.01999411992728706
MAR,0.3,S1,1019,xgb,0.9104585350878303,0.3345605979517516,0.0204007271677255
MAR,0.3,S1,1020,xgb,0.9116380043485327,0.38762524037398766,0.01935041248798362
MAR,0.3,S2,1001,xgb,0.9143892086864719,0.3948440627942954,0.0192321743816137
MAR,0.3,S2,1002,xgb,0.9183403011423668,0.3819005726020757,0.0196041882038116
MAR,0.3,S2,1003,xgb,0.9094799960184397,0.38448070967836945,0.0194949712604284
MAR,0.3,S2,1004,xgb,0.9064242763551762,0.3618491860543563,0.01996441818773742
MAR,0.3,S2,1005,xgb,0.9183952746398241,0.3709049469188029,0.01978910788893696
MAR,0.3,S2,1006,xgb,0.9126765596543731,0.3604171442840944,0.01984572596848008
MAR,0.3,S2,1007,xgb,0.9179192303831609,0.3867701320130431,0.01938375495374198
MAR,0.3,S2,1008,xgb,0.9021710427725314,0.3274918948215848,0.02037242799997324
MAR,0.3,S2,1009,xgb,0.9024548928575354,0.347751980686855,0.019929267838597258
MAR,0.3,S2,1010,xgb,0.918501017932357,0.3802746413344285,0.01950588971376412
MAR,0.3,S2,1011,xgb,0.9175830658466186,0.331470217083406,0.02052460908889766
MAR,0.3,S2,1012,xgb,0.9162591104770179,0.3718193822158421,0.019811515137553182
MAR,0.3,S2,1013,xgb,0.9040060750607808,0.3515918967287046,0.02003731541335576
MAR,0.3,S2,1014,xgb,0.9034694441243468,0.32474438102884146,0.020480865985155063
MAR,0.3,S2,1015,xgb,0.9048426133594928,0.37459227934721573,0.01969770714640614
MAR,0.3,S2,1016,xgb,0.9113396780857599,0.35594781592226676,0.02009364701807492
MAR,0.3,S2,1017,xgb,0.9114531747060297,0.3336070303696882,0.0203503847122192
MAR,0.3,S2,1018,xgb,0.9110883849959016,0.35654553070562817,0.020094823837280222
MAR,0.3,S2,1019,xgb,0.912793733718488,0.3706558885993282,0.01980819180607792
MAR,0.3,S2,1020,xgb,0.9178086645544518,0.36264853823032406,0.01989230960607524
MAR,0.4,S1,1001,xgb,0.8687429644100264,0.2765077458356806,0.02141415290534492
MAR,0.4,S1,1002,xgb,0.8684796215803925,0.2875318068663943,0.02132164984941478
MAR,0.4,S1,1003,xgb,0.8569250529913306,0.2646182658982278,0.02151426486670966
MAR,0.4,S1,1004,xgb,0.867980015253265,0.26381738360112034,0.02168557383120056
MAR,0.4,S1,1005,xgb,0.872658514443974,0.2465567006939736,0.02191004417836662
MAR,0.4,S1,1006,xgb,0.8656062949327961,0.25241773639606596,0.02174148745834824
MAR,0.4,S1,1007,extratrees,0.866201153607331,0.24250131100805286,0.02276360878463048
MAR,0.4,S1,1008,extratrees,0.8453875669457727,0.26155195097562994,0.02244457141422024
MAR,0.4,S1,1009,xgb,0.8732267373935155,0.30808812450692225,0.02088176347315306
MAR,0.4,S1,1010,xgb,0.8657753423319242,0.27393944664189346,0.021343049779534322
MAR,0.4,S1,1011,xgb,0.8675475286474473,0.27556065542152103,0.02140869833528988
MAR,0.4,S1,1012,xgb,0.8743569958440863,0.2721226105564166,0.02145237326622004
MAR,0.4,S1,1013,xgb,0.8593096931464256,0.2613551274911896,0.02161755189299578
MAR,0.4,S1,1014,xgb,0.8606885924769048,0.22152546973825338,0.0222565002739429
MAR,0.4,S1,1015,xgb,0.8651642211654996,0.23817891036867733,0.022072629258036557
MAR,0.4,S1,1016,xgb,0.8751615960659105,0.29225292956124427,0.02117910087108608
MAR,0.4,S1,1017,xgb,0.8781762082096727,0.2632479465267739,0.02161824554204936
MAR,0.4,S1,1018,xgb,0.8635295130213395,0.2594177197049531,0.02176103182137008
MAR,0.4,S1,1019,xgb,0.8714099582922488,0.27064832433075253,0.02145623862743374
MAR,0.4,S1,1020,xgb,0.8641865701881388,0.2786319716338734,0.021341676265001257
MAR,0.4,S2,1001,xgb,0.8668107942137713,0.2732825904036639,0.02131337933242314
MAR,0.4,S2,1002,xgb,0.8585421121566214,0.23776796990312507,0.02193891555070872
MAR,0.4,S2,1003,xgb,0.8508588059541612,0.24646959577484825,0.02178437821567054
MAR,0.4,S2,1004,xgb,0.8785532222495073,0.2657776647457982,0.0215769793838262
MAR,0.4,S2,1005,xgb,0.8566063188257284,0.22870971863133255,0.022154122963547664
MAR,0.4,S2,1006,xgb,0.8721049106334375,0.2707521112807315,0.02164622880518432
MAR,0.4,S2,1007,xgb,0.8589665517903573,0.23075555169687978,0.022132555022835683
MAR,0.4,S2,1008,xgb,0.8721824096462811,0.2873842237520695,0.0211319055408239
MAR,0.4,S2,1009,xgb,0.8636592027250641,0.24843952233768193,0.021877633407711962
MAR,0.4,S2,1010,xgb,0.8510419286282345,0.25856030678278846,0.02157875746488568
MAR,0.4,S2,1011,xgb,0.8571638947807456,0.27162021330510805,0.02143090777099128
MAR,0.4,S2,1012,xgb,0.8589023835787817,0.26940214993392153,0.02149100974202152
MAR,0.4,S2,1013,xgb,0.861961040481021,0.23299992937145123,0.02206341847777362
MAR,0.4,S2,1014,xgb,0.8753981572892504,0.2822536287426648,0.02134780324995516
MAR,0.4,S2,1015,xgb,0.8605549115317738,0.24355967780873938,0.02192401401698586
MAR,0.4,S2,1016,xgb,0.865604385366345,0.24349104394819063,0.021878530830144842
MAR,0.4,S2,1017,xgb,0.8781538213998292,0.28174650321164396,0.021271456778049418
MAR,0.4,S2,1018,xgb,0.8701800749478761,0.2730001533000778,0.02152350321412082
MAR,0.4,S2,1019,xgb,0.8675179234362276,0.25082432578997105,0.021847878023982
MAR,0.4,S2,1020,xgb,0.8598288971362955,0.2548902756228473,0.02169654183089728
MAR,0.5,S1,1001,extratrees,0.782751189997188,0.1574820376173638,0.02373946554327442
MAR,0.5,S1,1002,xgb,0.7817139707771305,0.134238969000911,0.02347927726805206
MAR,0.5,S1,1003,extratrees,0.7775105642393906,0.1456823576110434,0.023910983577908003
MAR,0.5,S1,1004,rf,0.7711484616610733,0.1291965883397324,0.02370851509394794
MAR,0.5,S1,1005,extratrees,0.7708798592828299,0.1378127901425917,0.02388663206532462
MAR,0.5,S1,1006,xgb,0.7804680292718107,0.14270936048566027,0.02343185842037198
MAR,0.5,S1,1007,extratrees,0.7960596211563231,0.15600916415456206,0.023888375911549083
MAR,0.5,S1,1008,xgb,0.7665857575390926,0.12277381420484441,0.0237869251519441
MAR,0.5,S1,1009,xgb,0.7682345406808844,0.12577875586492193,0.0235950235277414
MAR,0.5,S1,1010,extratrees,0.7811068962393993,0.14630513578531967,0.02393227095666742
MAR,0.5,S1,1011,xgb,0.7853351700805555,0.1391283368287734,0.02360869310796256
MAR,0.5,S1,1012,xgb,0.7811795736548954,0.1508515202362269,0.023265061154961558
MAR,0.5,S1,1013,extratrees,0.7787751157905264,0.13924327298886005,0.02378598775986394
MAR,0.5,S1,1014,extratrees,0.7802425267906711,0.12398082754620739,0.024011529512691483
MAR,0.5,S1,1015,rf,0.7684810512460992,0.12882824113660063,0.0237991190626978
MAR,0.5,S1,1016,xgb,0.779422780380888,0.15484843571626103,0.0233063273131847
MAR,0.5,S1,1017,rf,0.7657861879294676,0.13116423561955243,0.02368798000720462
MAR,0.5,S1,1018,xgb,0.7679969324157153,0.11630580728989612,0.02381670586764806
MAR,0.5,S1,1019,xgb,0.7876397572848546,0.15024366597103214,0.02333895675837986
MAR,0.5,S1,1020,rf,0.769109677498386,0.13554842460362979,0.02363563887673854
MAR,0.5,S2,1001,extratrees,0.7690149741879967,0.1435016447393372,0.023742793150548
MAR,0.5,S2,1002,xgb,0.782748153555997,0.13390883996577319,0.02346832752227778
MAR,0.5,S2,1003,rf,0.7793912742119508,0.13118849284745063,0.02382446521208422
MAR,0.5,S2,1004,xgb,0.780586619771138,0.15231475471775602,0.02339032702147956
MAR,0.5,S2,1005,xgb,0.7907304479493525,0.14030016211719581,0.0234855312854051
MAR,0.5,S2,1006,xgb,0.7806549005955895,0.1398660562685621,0.02349143512547012
MAR,0.5,S2,1007,xgb,0.7752789760556484,0.1453691548670955,0.0232818998396396
MAR,0.5,S2,1008,xgb,0.79157448312907,0.13798297668441334,0.023520640283822957
MAR,0.5,S2,1009,xgb,0.7890951583086243,0.1591268812566937,0.023252868652343682
MAR,0.5,S2,1010,rf,0.7750254956056123,0.12723568575110844,0.0236986145552295
MAR,0.5,S2,1011,xgb,0.7731025408222488,0.14667505005856213,0.02327936142683024
MAR,0.5,S2,1012,rf,0.7682857704735075,0.1301427105332135,0.023685885211970743
MAR,0.5,S2,1013,xgb,0.7905857021947086,0.12994809129945412,0.02371129840612406
MAR,0.5,S2,1014,xgb,0.7731922180282476,0.14242729362635126,0.02349667921662326
MAR,0.5,S2,1015,extratrees,0.7725378734556912,0.13537982207417695,0.023831429586401838
MAR,0.5,S2,1016,xgb,0.7829192960642246,0.14842410951307805,0.02334204278886312
MAR,0.5,S2,1017,xgb,0.7698368107425,0.13687215140813175,0.02351657077670092
MAR,0.5,S2,1018,xgb,0.76230729129241,0.1212038789145979,0.02369532398879524
MAR,0.5,S2,1019,xgb,0.7846255410566647,0.1427835559153298,0.02360786944627756
MAR,0.5,S2,1020,rf,0.7737771769434543,0.1314407276205257,0.023723046505556438
MCAR,0.0,S1,1001,xgb,0.9600384894535464,0.5842024011112866,0.015685167722403963
MCAR,0.0,S1,1002,xgb,0.9550617483457096,0.5634138093460291,0.0161458425223827
MCAR,0.0,S1,1003,xgb,0.9533960065247978,0.5609460385592272,0.0160674091428518
MCAR,0.0,S1,1004,xgb,0.9555144604829993,0.5540993824343483,0.016144635900855
MCAR,0.0,S1,1005,xgb,0.9579001868186763,0.5742799940221098,0.01591585781425232
MCAR,0.0,S1,1006,xgb,0.957176169270849,0.5738820961505523,0.0159300852566957
MCAR,0.0,S1,1007,xgb,0.9573386463856224,0.5714659788668562,0.016003664210438678
MCAR,0.0,S1,1008,xgb,0.9516985525752559,0.5597755354366691,0.01617240123450752
MCAR,0.0,S1,1009,xgb,0.9581727656373541,0.5773928187628232,0.015869481861591282
MCAR,0.0,S1,1010,xgb,0.9523843870763748,0.5705778051779341,0.01582240685820574
MCAR,0.0,S1,1011,xgb,0.9544375251639947,0.5771836333125859,0.01583817210048432
MCAR,0.0,S1,1012,xgb,0.9567830059632003,0.5779814686407766,0.01571226250380272
MCAR,0.0,S1,1013,xgb,0.9564389419165785,0.554178534282477,0.016138713993132082
MCAR,0.0,S1,1014,xgb,0.9544847984862613,0.5591339167052946,0.01613870915025468
MCAR,0.0,S1,1015,xgb,0.9543621776080237,0.5790143433906465,0.01581012234091754
MCAR,0.0,S1,1016,xgb,0.9544051784842607,0.5646282142797541,0.0160878343507647
MCAR,0.0,S1,1017,xgb,0.9581064042925757,0.5862341142603955,0.01559020671993488
MCAR,0.0,S1,1018,xgb,0.9559385272454024,0.5693847746001302,0.015938506834208922
MCAR,0.0,S1,1019,xgb,0.960275807411079,0.5759214856933003,0.015814711526036203
MCAR,0.0,S1,1020,xgb,0.9552839155340621,0.5695190915410929,0.01589177399873728
MCAR,0.0,S2,1001,xgb,0.9575756732180458,0.5510209531284048,0.01618723012506956
MCAR,0.0,S2,1002,xgb,0.9556778162288098,0.5585138043173068,0.015971211344003623
MCAR,0.0,S2,1003,xgb,0.9570175299972792,0.5665805514463338,0.0156647672876715
MCAR,0.0,S2,1004,xgb,0.9554435685130205,0.5550263147093284,0.016064985096454577
MCAR,0.0,S2,1005,xgb,0.9574439560358007,0.5635259785605146,0.015978997759520962
MCAR,0.0,S2,1006,xgb,0.9538152843972177,0.5721141515763414,0.01571456175297494
MCAR,0.0,S2,1007,xgb,0.957602446864475,0.5670140877283932,0.01588017847388978
MCAR,0.0,S2,1008,xgb,0.9568999956244472,0.5603344951555866,0.01586380619555706
MCAR,0.0,S2,1009,xgb,0.9565586085605986,0.5690770411754604,0.01587225794792172
MCAR,0.0,S2,1010,xgb,0.9585421807235592,0.5701350695879842,0.0156471766531467
MCAR,0.0,S2,1011,xgb,0.9566203155412056,0.5673925899416499,0.01570358630269758
MCAR,0.0,S2,1012,xgb,0.9527895192510186,0.5596565830355827,0.01600103788077826
MCAR,0.0,S2,1013,xgb,0.9588901979371489,0.5597426820291005,0.01599175911396736
MCAR,0.0,S2,1014,xgb,0.95592632211658,0.5629403819576039,0.0158942965790629
MCAR,0.0,S2,1015,xgb,0.9562690215866511,0.562943162768109,0.01580269969999786
MCAR,0.0,S2,1016,xgb,0.9588392574046065,0.5687376496292704,0.015860463678836763
MCAR,0.0,S2,1017,xgb,0.9585855573469606,0.5689135019271456,0.01591775361448522
MCAR,0.0,S2,1018,xgb,0.9563580573387547,0.567944954341838,0.015895381011068778
MCAR,0.0,S2,1019,xgb,0.9581669660773142,0.5534323469646869,0.01608034037053582
MCAR,0.0,S2,1020,xgb,0.9557001805864527,0.5569286141341275,0.01605222281068558
MCAR,0.05,S1,1001,xgb,0.956958278154028,0.5482365167139553,0.01633505318313834
MCAR,0.05,S1,1002,xgb,0.95264411472241,0.5651933934239008,0.01627325434237714
MCAR,0.05,S1,1003,rf,0.9476807718458213,0.534788773222121,0.01705453803370166
MCAR,0.05,S1,1004,xgb,0.9531936515243608,0.5433380872433029,0.016419528238475277
MCAR,0.05,S1,1005,xgb,0.9534136336103515,0.5412619083959681,0.01653637103736396
MCAR,0.05,S1,1006,xgb,0.9496902679537069,0.5444320592180902,0.016414999216794922
MCAR,0.05,S1,1007,xgb,0.9528168490724115,0.5465216167544997,0.0164830036461353
MCAR,0.05,S1,1008,xgb,0.9481546597674179,0.5345341587219663,0.01679083164781326
MCAR,0.05,S1,1009,xgb,0.9548228948895037,0.5593971347527931,0.016200701892375918
MCAR,0.05,S1,1010,xgb,0.9501032812313621,0.5443674871184409,0.01668764278292652
MCAR,0.05,S1,1011,xgb,0.952907220956891,0.5562689240645421,0.01619941294193264
MCAR,0.05,S1,1012,xgb,0.9546644628945293,0.5648028775773082,0.01617832221090788
MCAR,0.05,S1,1013,xgb,0.9505534638176549,0.5431265487569172,0.01642300263047212
MCAR,0.05,S1,1014,xgb,0.9515734051222567,0.5415842135155822,0.01647287663072344
MCAR,0.05,S1,1015,xgb,0.949285751044562,0.5579905449543544,0.016186854429542978
MCAR,0.05,S1,1016,xgb,0.9503628695864517,0.5375199704665796,0.01652025692164892
MCAR,0.05,S1,1017,xgb,0.9550240862077661,0.5685094867274967,0.01597060859203334
MCAR,0.05,S1,1018,xgb,0.950881027078754,0.5395959858966771,0.01659062709659332
MCAR,0.05,S1,1019,xgb,0.955454453562384,0.547856483474726,0.01642281282693142
MCAR,0.05,S1,1020,xgb,0.9524777594427116,0.5422838312148224,0.0164021542295813
MCAR,0.05,S2,1001,xgb,0.9553508588038889,0.5355064494167919,0.01650352459400884
MCAR,0.05,S2,1002,xgb,0.9529234349930981,0.5470739761569766,0.01625725384801622
MCAR,0.05,S2,1003,xgb,0.9549555064794781,0.555775771829367,0.016126357577741078
MCAR,0.05,S2,1004,xgb,0.94831727264268,0.5390414157939255,0.016575762256979883
MCAR,0.05,S2,1005,xgb,0.9560739591681179,0.5625352523619666,0.0158475492149591
MCAR,0.05,S2,1006,xgb,0.9518860054088482,0.5462364854968543,0.01633941754698748
MCAR,0.05,S2,1007,xgb,0.9526745507634565,0.5488955424049281,0.01632555108517404
MCAR,0.05,S2,1008,xgb,0.9541759847978488,0.5425933545299527,0.016214218176901298
MCAR,0.05,S2,1009,xgb,0.9531196082675037,0.5392345739041794,0.0163540227338671
MCAR,0.05,S2,1010,xgb,0.9531129257559169,0.5351120096607711,0.016451822593808122
MCAR,0.05,S2,1011,xgb,0.9563635714863377,0.5425608895668146,0.01629305519163604
MCAR,0.05,S2,1012,xgb,0.950124652470894,0.5242942932910213,0.01669668499380344
MCAR,0.05,S2,1013,xgb,0.9546797435152149,0.5392112553453231,0.0163793453946709
MCAR,0.05,S2,1014,xgb,0.954334650589216,0.5469320720240629,0.01636525318026538
MCAR,0.05,S2,1015,xgb,0.9510590225930227,0.544854577508299,0.01620357874780888
MCAR,0.05,S2,1016,xgb,0.9516210845864528,0.5342919527930504,0.01650239545851942
MCAR,0.05,S2,1017,xgb,0.9534170986470325,0.5433688987547972,0.01636315044015642
MCAR,0.05,S2,1018,xgb,0.9509203924893856,0.519071325397573,0.0169619239866733
MCAR,0.05,S2,1019,xgb,0.956895341676614,0.5476167932154739,0.0163908759132027
MCAR,0.05,S2,1020,xgb,0.9537917397620541,0.5393195937377243,0.0162958743050694
MCAR,0.1,S1,1001,xgb,0.9529216526145543,0.5422571123199827,0.016481142118573162
MCAR,0.1,S1,1002,xgb,0.9521147276851781,0.5409055880729,0.01677967812865968
MCAR,0.1,S1,1003,xgb,0.9472123415405385,0.5296729812788943,0.016831490769982298
MCAR,0.1,S1,1004,xgb,0.9458114917110892,0.5068268753548999,0.01720221452414984
MCAR,0.1,S1,1005,xgb,0.956309452270791,0.5355123599820208,0.01675162240862842
MCAR,0.1,S1,1006,xgb,0.9477219417475906,0.530351725750962,0.0169810444116592
MCAR,0.1,S1,1007,xgb,0.9503606648191193,0.5384182882957296,0.016584683954715677
MCAR,0.1,S1,1008,xgb,0.9437958759510543,0.5253006196893288,0.016935585625469617
MCAR,0.1,S1,1009,xgb,0.9519419378463013,0.5457403976646786,0.01657857075333592
MCAR,0.1,S1,1010,xgb,0.953418998885448,0.5412009633854684,0.01648792568594212
MCAR,0.1,S1,1011,xgb,0.9536781133853832,0.5489684234106744,0.01631236895918842
MCAR,0.1,S1,1012,xgb,0.9522970398991681,0.5372209722328115,0.01670357920229432
MCAR,0.1,S1,1013,xgb,0.9485332990242444,0.5311782523508694,0.01677113901823754
MCAR,0.1,S1,1014,xgb,0.9493807446854113,0.5461952499715038,0.01634307429194446
MCAR,0.1,S1,1015,xgb,0.9431326651521168,0.5266836654187169,0.01686624661087984
MCAR,0.1,S1,1016,xgb,0.9490425723024565,0.5361920226993228,0.016613475047051858
MCAR,0.1,S1,1017,xgb,0.9519822191962891,0.5490400856985647,0.01651302166283128
MCAR,0.1,S1,1018,xgb,0.9505396787562793,0.5147246810819428,0.01709642373025412
MCAR,0.1,S1,1019,xgb,0.9529982586767108,0.5449107401786776,0.016355700418353058
MCAR,0.1,S1,1020,xgb,0.946314348734232,0.5295604235115782,0.01672643125057218
MCAR,0.1,S2,1001,xgb,0.9528907494102488,0.5364941115399363,0.01643700413405892
MCAR,0.1,S2,1002,xgb,0.947569371365591,0.5329845954619572,0.01657850891351696
MCAR,0.1,S2,1003,xgb,0.9500504229497171,0.5177915965321482,0.016811322793364482
MCAR,0.1,S2,1004,xgb,0.9486997170712341,0.5201347597066388,0.01679506413638588
MCAR,0.1,S2,1005,xgb,0.9465756658306257,0.5407021096437544,0.016473574750125338
MCAR,0.1,S2,1006,xgb,0.947852711576385,0.547127151151799,0.016392758116126022
MCAR,0.1,S2,1007,xgb,0.9508183864730748,0.5221714929917074,0.0167549487203359
MCAR,0.1,S2,1008,xgb,0.9512867627259997,0.5169302786702794,0.0170039057731628
MCAR,0.1,S2,1009,xgb,0.948401448618412,0.5384520578943689,0.01657287180423732
MCAR,0.1,S2,1010,xgb,0.9509930939413284,0.5193646410992947,0.01694617196917526
MCAR,0.1,S2,1011,xgb,0.9501953652446353,0.5271363323369488,0.01659187488257878
MCAR,0.1,S2,1012,xgb,0.9486231224158892,0.5193634772724656,0.01666650585830206
MCAR,0.1,S2,1013,xgb,0.9514389092402983,0.518212241460229,0.0167477106675505
MCAR,0.1,S2,1014,xgb,0.9490538371982854,0.5085445303945381,0.01703736428171392
MCAR,0.1,S2,1015,xgb,0.9505016384835667,0.5143551191374792,0.01679534725844856
MCAR,0.1,S2,1016,xgb,0.9530840324114044,0.5352400599838646,0.01664970479905602
MCAR,0.1,S2,1017,xgb,0.9528561387347804,0.5161524361276366,0.01686319373548026
MCAR,0.1,S2,1018,xgb,0.9495383249963055,0.5337084869997568,0.01644770260900254
MCAR,0.1,S2,1019,xgb,0.9488434361644543,0.514265517600079,0.016923719644546482
MCAR,0.1,S2,1020,xgb,0.9493322308712259,0.5137577832104672,0.016805811412632397
MCAR,0.2,S1,1001,xgb,0.9435232635523354,0.506885452410875,0.01707939505577084
MCAR,0.2,S1,1002,xgb,0.9414674414507231,0.5092014554393384,0.01723328288644548
MCAR,0.2,S1,1003,xgb,0.9422655724191873,0.5049605738957517,0.01724446229636664
MCAR,0.2,S1,1004,xgb,0.9427805913645011,0.4800687909991062,0.01770860441029066
MCAR,0.2,S1,1005,xgb,0.9430740836613966,0.47457313619562197,0.017833325266838018
MCAR,0.2,S1,1006,xgb,0.9417684569545903,0.5093145345963466,0.0172148216515779
MCAR,0.2,S1,1007,xgb,0.9441616563505247,0.5036522712878251,0.017302755266427938
MCAR,0.2,S1,1008,xgb,0.9388605322815797,0.49159657689494124,0.01764867492020124
MCAR,0.2,S1,1009,xgb,0.9477263650726668,0.5212931116827807,0.0169562734663486
MCAR,0.2,S1,1010,xgb,0.9419733104295533,0.47609098892361457,0.01786092333495612
MCAR,0.2,S1,1011,xgb,0.9393538835975679,0.5142109879514215,0.01693524904549116
MCAR,0.2,S1,1012,xgb,0.9406845484296932,0.4809278428718784,0.017761389166116658
MCAR,0.2,S1,1013,xgb,0.9407256373887602,0.4901620551788507,0.01753675341606136
MCAR,0.2,S1,1014,extratrees,0.9433144268014647,0.517490445745445,0.01779947217371672
MCAR,0.2,S1,1015,xgb,0.9426968346390501,0.50460023325578,0.01721466965973374
MCAR,0.2,S1,1016,xgb,0.9434991358175113,0.4963186155181969,0.01723508946597572
MCAR,0.2,S1,1017,xgb,0.9381185784209489,0.48661175825763364,0.01764603629708286
MCAR,0.2,S1,1018,xgb,0.9426271400973153,0.5106884006952648,0.01705419830977912
MCAR,0.2,S1,1019,xgb,0.945263999001298,0.5078501764574677,0.017223957553505857
MCAR,0.2,S1,1020,xgb,0.9413193521603622,0.5129653039414028,0.0171220419928431
MCAR,0.2,S2,1001,xgb,0.9397492112032632,0.49123793860147746,0.01743167154490944
MCAR,0.2,S2,1002,xgb,0.9440559979973591,0.46274396126859896,0.018055605515837618
MCAR,0.2,S2,1003,xgb,0.9465040781779708,0.4864884087493541,0.017525172233581483
MCAR,0.2,S2,1004,xgb,0.9394260508679926,0.4787108950317592,0.0176549613475799
MCAR,0.2,S2,1005,xgb,0.9387163452358285,0.48482895677520155,0.017409490048885302
MCAR,0.2,S2,1006,extratrees,0.9394203991877932,0.48838119608542174,0.018218762197515358
MCAR,0.2,S2,1007,xgb,0.9491140887325065,0.5213713025844653,0.01671562790870662
MCAR,0.2,S2,1008,xgb,0.9391592234537619,0.4845520645044803,0.01744797937571998
MCAR,0.2,S2,1009,xgb,0.9446174411503317,0.4952164147586863,0.01733291596174236
MCAR,0.2,S2,1010,xgb,0.9432608222809531,0.46339119881060464,0.01786355338990684
MCAR,0.2,S2,1011,xgb,0.9412423446150701,0.4971828715871017,0.01731653772294518
MCAR,0.2,S2,1012,xgb,0.9465456957478544,0.49356568070030604,0.01748297959566112
MCAR,0.2,S2,1013,xgb,0.9484548884778284,0.4832025291430197,0.01770510077476498
MCAR,0.2,S2,1014,xgb,0.9488635445282056,0.5050601707232338,0.017130982503294902
MCAR,0.2,S2,1015,xgb,0.9422500149563481,0.4986017136858051,0.01731921359896654
MCAR,0.2,S2,1016,extratrees,0.9411685933518614,0.48604905698899337,0.01818602383156642
MCAR,0.2,S2,1017,xgb,0.949241828075064,0.5014649414829397,0.01727086082100864
MCAR,0.2,S2,1018,xgb,0.9369699031505441,0.49425419182941155,0.01730301380157464
MCAR,0.2,S2,1019,xgb,0.9444125405605925,0.49286395811346617,0.017308080568909583
MCAR,0.2,S2,1020,xgb,0.9442378335322612,0.49027853118827663,0.01735959686338896
MCAR,0.3,S1,1001,xgb,0.9331378660122681,0.45781649419890275,0.018147631734609558
MCAR,0.3,S1,1002,xgb,0.9348062168283733,0.4734453762893394,0.017816179618239357
MCAR,0.3,S1,1003,xgb,0.9370225684958667,0.48257498207890687,0.017584726959466883
MCAR,0.3,S1,1004,xgb,0.9371270121939773,0.457315438773996,0.01800361834466452
MCAR,0.3,S1,1005,xgb,0.9365619903547028,0.4666201278770698,0.01809447742998596
MCAR,0.3,S1,1006,xgb,0.9418439490579651,0.46926858217268697,0.01808294467627998
MCAR,0.3,S1,1007,rf,0.9382405211849265,0.4759023376288506,0.0181737043271109
MCAR,0.3,S1,1008,xgb,0.9380280197400237,0.47103836569491603,0.018020011857151918
MCAR,0.3,S1,1009,xgb,0.9409380998828928,0.5022898136398619,0.017333004623651442
MCAR,0.3,S1,1010,xgb,0.9353295073974488,0.4528527259228114,0.0182207234203815
MCAR,0.3,S1,1011,xgb,0.931520451651626,0.4697179064362841,0.017860057950019798
MCAR,0.3,S1,1012,xgb,0.9423622750218271,0.46583620113261376,0.0180064052343368
MCAR,0.3,S1,1013,rf,0.933884767254382,0.4569711031465973,0.01853994359145328
MCAR,0.3,S1,1014,xgb,0.935813476829113,0.44590064392121087,0.01840910986065862
MCAR,0.3,S1,1015,xgb,0.9358090579554051,0.4783893507002288,0.01769243143498892
MCAR,0.3,S1,1016,extratrees,0.9320823766787351,0.4640632924266141,0.01880115623375804
MCAR,0.3,S1,1017,xgb,0.9385848760196417,0.4800793357996991,0.017637124657630877
MCAR,0.3,S1,1018,xgb,0.9396858456622622,0.4410250514528532,0.01846803091466422
MCAR,0.3,S1,1019,xgb,0.9356955227507276,0.45813089614339175,0.01814603693783278
MCAR,0.3,S1,1020,xgb,0.9385182350645348,0.4693271409506055,0.017926254123449278
MCAR,0.3,S2,1001,xgb,0.9329832805878324,0.465666227385569,0.01793884858489032
MCAR,0.3,S2,1002,xgb,0.9331960627935902,0.4602550290630426,0.01795923747122284
MCAR,0.3,S2,1003,extratrees,0.931044015465804,0.42614601463786117,0.01906266331557266
MCAR,0.3,S2,1004,xgb,0.9334588598035272,0.46488948922340906,0.01798441484570498
MCAR,0.3,S2,1005,xgb,0.931606865952743,0.45716792141141305,0.01808710582554334
MCAR,0.3,S2,1006,xgb,0.9376249469609258,0.42910427729918144,0.01853718273341648
MCAR,0.3,S2,1007,xgb,0.9432089393486383,0.4609603053286615,0.01815987378358838
MCAR,0.3,S2,1008,xgb,0.931297232333093,0.41881550665981016,0.018811112269759157
MCAR,0.3,S2,1009,xgb,0.9303895791154814,0.4387245478837139,0.01851729229092592
MCAR,0.3,S2,1010,xgb,0.9316403126942372,0.47098890398089877,0.01783496886491772
MCAR,0.3,S2,1011,xgb,0.9411316410229065,0.4616339573794776,0.017970325611531678
MCAR,0.3,S2,1012,xgb,0.9376860431842132,0.4608529601974968,0.01808826029300688
MCAR,0.3,S2,1013,xgb,0.9284613369167072,0.462949969303249,0.01791827194392674
MCAR,0.3,S2,1014,xgb,0.9321050809980214,0.42968339660005006,0.01856798082590096
MCAR,0.3,S2,1015,xgb,0.9356570440959615,0.4568050056885215,0.01816011331975454
MCAR,0.3,S2,1016,xgb,0.9471124680927933,0.45686877914011337,0.018327222764491998
MCAR,0.3,S2,1017,xgb,0.9439348306518903,0.4679024914019272,0.01786869950592512
MCAR,0.3,S2,1018,xgb,0.9373473107847957,0.45849769548343094,0.018159251287579482
MCAR,0.3,S2,1019,xgb,0.9316281571694718,0.45689013233852477,0.01808532550930972
MCAR,0.3,S2,1020,xgb,0.9400059658028755,0.4459538301164791,0.01844363100826734
MCAR,0.4,S1,1001,xgb,0.9271921496566312,0.4346982134388681,0.0186821594834327
MCAR,0.4,S1,1002,xgb,0.9247023968412202,0.43443678096212085,0.01871913932263844
MCAR,0.4,S1,1003,xgb,0.9262785302366388,0.44817647733040633,0.01833141706883902
MCAR,0.4,S1,1004,xgb,0.9245227942404851,0.4062309068428084,0.01921430528163906
MCAR,0.4,S1,1005,xgb,0.924906448488169,0.4382845876518647,0.01848426088690752
MCAR,0.4,S1,1006,xgb,0.9284350232083638,0.4256050348482622,0.01877573281526562
MCAR,0.4,S1,1007,xgb,0.930569960268677,0.4371590804445923,0.01857755221426482
MCAR,0.4,S1,1008,extratrees,0.922344892151213,0.42755684049560294,0.01956309200878396
MCAR,0.4,S1,1009,extratrees,0.9221735958190772,0.4287565031426911,0.0193889939424052
MCAR,0.4,S1,1010,xgb,0.929373661758747,0.4329285974519079,0.018527662754058823
MCAR,0.4,S1,1011,xgb,0.9191400380835999,0.41576994944465506,0.01885773502290246
MCAR,0.4,S1,1012,xgb,0.9304299421528656,0.428117105383275,0.018707685172557782
MCAR,0.4,S1,1013,xgb,0.9209139374772606,0.3982149156283957,0.01923180148005478
MCAR,0.4,S1,1014,extratrees,0.9233392231115317,0.44747379559878164,0.019245737166878017
MCAR,0.4,S1,1015,xgb,0.9277144765070936,0.43837965477956126,0.01850321143865582
MCAR,0.4,S1,1016,xgb,0.9245593682188833,0.42315024229970755,0.0187880795449018
MCAR,0.4,S1,1017,xgb,0.9274498953738375,0.44206806543833244,0.0185005903244018
MCAR,0.4,S1,1018,xgb,0.9243092777278145,0.41033263456258273,0.01906589716672892
MCAR,0.4,S1,1019,xgb,0.9212376469910335,0.40677208725644476,0.01909120120108122
MCAR,0.4,S1,1020,xgb,0.9272998923795261,0.4370462458814587,0.018525680154561942
MCAR,0.4,S2,1001,xgb,0.9223335411135505,0.40911807685757307,0.01891424693167206
MCAR,0.4,S2,1002,xgb,0.9227563846952036,0.4243311314847748,0.018725478276610343
MCAR,0.4,S2,1003,xgb,0.9176639765801138,0.4141047230168044,0.01885201856493944
MCAR,0.4,S2,1004,xgb,0.9296097656722593,0.44243902860794576,0.018368600308895082
MCAR,0.4,S2,1005,xgb,0.9269170122475474,0.41112724691723646,0.01895559877157208
MCAR,0.4,S2,1006,xgb,0.9319606909636512,0.4261328910311647,0.0187126442790031
MCAR,0.4,S2,1007,xgb,0.9213118921953652,0.42528496423325396,0.018783691152930222
MCAR,0.4,S2,1008,xgb,0.9243799352240707,0.42029526139476925,0.0186499778181314
MCAR,0.4,S2,1009,rf,0.9230805405495474,0.4034492558365689,0.01924307154038698
MCAR,0.4,S2,1010,xgb,0.9157468278176326,0.4177963135413659,0.01852684281766408
MCAR,0.4,S2,1011,xgb,0.9318440595115065,0.41977372188120193,0.01881595887243742
MCAR,0.4,S2,1012,xgb,0.9196852602530112,0.39745811623192223,0.01924071311950678
MCAR,0.4,S2,1013,xgb,0.9197311295765216,0.39848507008146006,0.01902086958289142
MCAR,0.4,S2,1014,xgb,0.9245461604536857,0.4308574307037543,0.01867274418473238
MCAR,0.4,S2,1015,xgb,0.9312457093176556,0.4179077580961562,0.018777485936880063
MCAR,0.4,S2,1016,rf,0.9206082823990371,0.4041371662025659,0.0191435589949408
MCAR,0.4,S2,1017,xgb,0.9254597947192869,0.4223722045572604,0.01874832659959788
MCAR,0.4,S2,1018,xgb,0.928992805640265,0.43099931876751824,0.01867199577391142
MCAR,0.4,S2,1019,xgb,0.9228525045766492,0.39998967280340136,0.01918560229241844
MCAR,0.4,S2,1020,extratrees,0.9235733591707416,0.423791201905008,0.01965609732820084
MCAR,0.5,S1,1001,rf,0.9100276778931274,0.42050867698107774,0.01936137412868686
MCAR,0.5,S1,1002,xgb,0.9149197745288212,0.3410512861432059,0.02044030167162412
MCAR,0.5,S1,1003,xgb,0.9060069870025368,0.3731301877103424,0.01979726105928416
MCAR,0.5,S1,1004,xgb,0.9008395906844276,0.3746907422733819,0.019716042280197098
MCAR,0.5,S1,1005,xgb,0.9108467882896594,0.4010212563420429,0.01926457956433294
MCAR,0.5,S1,1006,rf,0.9073106471395522,0.38458785965768094,0.01982545984157508
MCAR,0.5,S1,1007,xgb,0.9130433737294839,0.40258605020147104,0.01915900036692616
MCAR,0.5,S1,1008,xgb,0.9183178915111592,0.36813727360154946,0.01974607855081552
MCAR,0.5,S1,1009,xgb,0.9073982583265228,0.3651927939322918,0.01991132274270052
MCAR,0.5,S1,1010,xgb,0.9170069081307334,0.37971328847849684,0.019587386399507477
MCAR,0.5,S1,1011,xgb,0.9051775388565902,0.37198307251770085,0.01957493275403972
MCAR,0.5,S1,1012,xgb,0.9069110819957352,0.4075251135258198,0.01906969733536238
MCAR,0.5,S1,1013,xgb,0.9113266695707664,0.362377015243908,0.01987924389541142
MCAR,0.5,S1,1014,xgb,0.9193242027731527,0.39535963591253875,0.01927390769124026
MCAR,0.5,S1,1015,xgb,0.9031099237198175,0.3839701680069143,0.0195365566760301
MCAR,0.5,S1,1016,xgb,0.9094197729414957,0.3779453727999191,0.019624499231576862
MCAR,0.5,S1,1017,rf,0.9057419979354087,0.39243339639574515,0.019560921535170462
MCAR,0.5,S1,1018,extratrees,0.916437463659799,0.4068513470195696,0.0201581475641109
MCAR,0.5,S1,1019,xgb,0.9181925422818479,0.4330647964562716,0.01855884045362468
MCAR,0.5,S1,1020,xgb,0.9180914309444388,0.3726131574315479,0.01963459141552444
MCAR,0.5,S2,1001,extratrees,0.9175180527601656,0.39333928682043756,0.02018445293098232
MCAR,0.5,S2,1002,xgb,0.9120079115624848,0.37777116851724185,0.01952116005122656
MCAR,0.5,S2,1003,xgb,0.9091907232119618,0.3771706898039112,0.019583350419998098
MCAR,0.5,S2,1004,xgb,0.9079646469580327,0.3777632230162882,0.0195179674774408
MCAR,0.5,S2,1005,xgb,0.9194580709099978,0.3953270265909031,0.0193303111940622
MCAR,0.5,S2,1006,xgb,0.9181331347468955,0.3752648660811101,0.0195761382579803
MCAR,0.5,S2,1007,xgb,0.916802819976722,0.3818728784546087,0.01964684128761286
MCAR,0.5,S2,1008,xgb,0.9143098873535788,0.3768622711541494,0.019392982497811278
MCAR,0.5,S2,1009,xgb,0.9218523040535096,0.37893972747486143,0.01954930238425728
MCAR,0.5,S2,1010,xgb,0.9142142573195811,0.38333847194232606,0.01949416138231748
MCAR,0.5,S2,1011,rf,0.9180204529494953,0.39067474912841776,0.01947861620424056
MCAR,0.5,S2,1012,xgb,0.9154684648555603,0.37584313329170893,0.01963511183857914
MCAR,0.5,S2,1013,xgb,0.9233395615985442,0.3745634355960493,0.01952807568013662
MCAR,0.5,S2,1014,xgb,0.9098341771342519,0.37787124203419864,0.01956221088767044
MCAR,0.5,S2,1015,xgb,0.9100342628139085,0.37022496068542676,0.01986679658293718
MCAR,0.5,S2,1016,rf,0.9050625733199741,0.37075003487758446,0.0199344121226555
MCAR,0.5,S2,1017,xgb,0.9140927862770555,0.3777768146108297,0.01973652578890316
MCAR,0.5,S2,1018,extratrees,0.9136407096467938,0.3953546481023464,0.02017341240035772
MCAR,0.5,S2,1019,xgb,0.9077349778624505,0.37537781869821674,0.01965975426137444
MCAR,0.5,S2,1020,xgb,0.9152926022242838,0.37368721216050343,0.01978567689657206
MNAR,0.0,S1,1001,xgb,0.9600384894535464,0.5842024011112866,0.015685167722403963
MNAR,0.0,S1,1002,xgb,0.9550617483457096,0.5634138093460291,0.0161458425223827
MNAR,0.0,S1,1003,xgb,0.9533960065247978,0.5609460385592272,0.0160674091428518
MNAR,0.0,S1,1004,xgb,0.9555144604829993,0.5540993824343483,0.016144635900855
MNAR,0.0,S1,1005,xgb,0.9579001868186763,0.5742799940221098,0.01591585781425232
MNAR,0.0,S1,1006,xgb,0.957176169270849,0.5738820961505523,0.0159300852566957
MNAR,0.0,S1,1007,xgb,0.9573386463856224,0.5714659788668562,0.016003664210438678
MNAR,0.0,S1,1008,xgb,0.9516985525752559,0.5597755354366691,0.01617240123450752
MNAR,0.0,S1,1009,xgb,0.9581727656373541,0.5773928187628232,0.015869481861591282
MNAR,0.0,S1,1010,xgb,0.9523843870763748,0.5705778051779341,0.01582240685820574
MNAR,0.0,S1,1011,xgb,0.9544375251639947,0.5771836333125859,0.01583817210048432
MNAR,0.0,S1,1012,xgb,0.9567830059632003,0.5779814686407766,0.01571226250380272
MNAR,0.0,S1,1013,xgb,0.9564389419165785,0.554178534282477,0.016138713993132082
MNAR,0.0,S1,1014,xgb,0.9544847984862613,0.5591339167052946,0.01613870915025468
MNAR,0.0,S1,1015,xgb,0.9543621776080237,0.5790143433906465,0.01581012234091754
MNAR,0.0,S1,1016,xgb,0.9544051784842607,0.5646282142797541,0.0160878343507647
MNAR,0.0,S1,1017,xgb,0.9581064042925757,0.5862341142603955,0.01559020671993488
MNAR,0.0,S1,1018,xgb,0.9559385272454024,0.5693847746001302,0.015938506834208922
MNAR,0.0,S1,1019,xgb,0.960275807411079,0.5759214856933003,0.015814711526036203
MNAR,0.0,S1,1020,xgb,0.9552839155340621,0.5695190915410929,0.01589177399873728
MNAR,0.0,S2,1001,xgb,0.9575756732180458,0.5510209531284048,0.01618723012506956
MNAR,0.0,S2,1002,xgb,0.9556778162288098,0.5585138043173068,0.015971211344003623
MNAR,0.0,S2,1003,xgb,0.9570175299972792,0.5665805514463338,0.0156647672876715
MNAR,0.0,S2,1004,xgb,0.9554435685130205,0.5550263147093284,0.016064985096454577
MNAR,0.0,S2,1005,xgb,0.9574439560358007,0.5635259785605146,0.015978997759520962
MNAR,0.0,S2,1006,xgb,0.9538152843972177,0.5721141515763414,0.01571456175297494
MNAR,0.0,S2,1007,xgb,0.957602446864475,0.5670140877283932,0.01588017847388978
MNAR,0.0,S2,1008,xgb,0.9568999956244472,0.5603344951555866,0.01586380619555706
MNAR,0.0,S2,1009,xgb,0.9565586085605986,0.5690770411754604,0.01587225794792172
MNAR,0.0,S2,1010,xgb,0.9585421807235592,0.5701350695879842,0.0156471766531467
MNAR,0.0,S2,1011,xgb,0.9566203155412056,0.5673925899416499,0.01570358630269758
MNAR,0.0,S2,1012,xgb,0.9527895192510186,0.5596565830355827,0.01600103788077826
MNAR,0.0,S2,1013,xgb,0.9588901979371489,0.5597426820291005,0.01599175911396736
MNAR,0.0,S2,1014,xgb,0.95592632211658,0.5629403819576039,0.0158942965790629
MNAR,0.0,S2,1015,xgb,0.9562690215866511,0.562943162768109,0.01580269969999786
MNAR,0.0,S2,1016,xgb,0.9588392574046065,0.5687376496292704,0.015860463678836763
MNAR,0.0,S2,1017,xgb,0.9585855573469606,0.5689135019271456,0.01591775361448522
MNAR,0.0,S2,1018,xgb,0.9563580573387547,0.567944954341838,0.015895381011068778
MNAR,0.0,S2,1019,xgb,0.9581669660773142,0.5534323469646869,0.01608034037053582
MNAR,0.0,S2,1020,xgb,0.9557001805864527,0.5569286141341275,0.01605222281068558
MNAR,0.05,S1,1001,xgb,0.9581400370385413,0.5878948134840267,0.01592510733753438
MNAR,0.05,S1,1002,xgb,0.9541983628337398,0.5750639482299102,0.01645879074931138
MNAR,0.05,S1,1003,xgb,0.9492945842730862,0.5305518560053747,0.01691200695931906
MNAR,0.05,S1,1004,xgb,0.9489721168987997,0.5576879272789508,0.01656513344496484
MNAR,0.05,S1,1005,xgb,0.9539409367424285,0.5601645484742004,0.01648535430431362
MNAR,0.05,S1,1006,xgb,0.9512367187742891,0.5487826707308168,0.01666397433727972
MNAR,0.05,S1,1007,xgb,0.9561250691317735,0.5669425567347897,0.01638954039663072
MNAR,0.05,S1,1008,xgb,0.9555718619612051,0.5482101325482562,0.016801187954843
MNAR,0.05,S1,1009,xgb,0.9554783162096626,0.5509367341823557,0.01669335514307018
MNAR,0.05,S1,1010,xgb,0.949814507239298,0.5440342671464696,0.01672527287155386
MNAR,0.05,S1,1011,xgb,0.949270712925642,0.5664106943509395,0.016309720650315218
MNAR,0.05,S1,1012,xgb,0.9523299931907884,0.5654485391059029,0.016406540945172278
MNAR,0.05,S1,1013,xgb,0.9539676868317448,0.5659816579410271,0.01652262974530454
MNAR,0.05,S1,1014,xgb,0.951367032001101,0.5647186636945584,0.01629235278815024
MNAR,0.05,S1,1015,xgb,0.9518768860867688,0.5848967030174042,0.015917291492223682
MNAR,0.05,S1,1016,xgb,0.9488563321118487,0.534826680336638,0.01691382899880406
MNAR,0.05,S1,1017,xgb,0.9564666389318901,0.5718151654359409,0.016465925052761978
MNAR,0.05,S1,1018,xgb,0.9532097885858368,0.5737728131111209,0.01619272008538242
MNAR,0.05,S1,1019,xgb,0.957246000553212,0.5610046588290205,0.016602736152708457
MNAR,0.05,S1,1020,xgb,0.9531487242445292,0.560429501401023,0.01651196684688326
MNAR,0.05,S2,1001,xgb,0.9545674715551703,0.5463729774122275,0.01660875789821144
MNAR,0.05,S2,1002,xgb,0.9510028885533226,0.5464364969628399,0.01658251024782652
MNAR,0.05,S2,1003,xgb,0.9521786085349209,0.5653547269284553,0.01617541033774608
MNAR,0.05,S2,1004,xgb,0.95198703690421,0.5509781143589242,0.01648726612329478
MNAR,0.05,S2,1005,xgb,0.9566254407304537,0.5510218248123,0.01634418014436956
MNAR,0.05,S2,1006,xgb,0.9490646639048052,0.5303319899476401,0.016586543247103642
MNAR,0.05,S2,1007,xgb,0.9560596914622081,0.5770566869821379,0.01605146583169696
MNAR,0.05,S2,1008,xgb,0.9538464020529192,0.5598573610274491,0.016124786809086737
MNAR,0.05,S2,1009,xgb,0.9583348144513423,0.5547011620671746,0.016682825610041578
MNAR,0.05,S2,1010,xgb,0.9518668119065026,0.5502736552789632,0.01644276715815064
MNAR,0.05,S2,1011,xgb,0.9560484524245993,0.5487799025522836,0.01644173543900248
MNAR,0.05,S2,1012,xgb,0.9488765661413829,0.5354981173879378,0.01694480963051314
MNAR,0.05,S2,1013,xgb,0.9560143701463474,0.5521162648028948,0.016522788815200258
MNAR,0.05,S2,1014,xgb,0.9517583949753637,0.5536917116916422,0.01648012362420552
MNAR,0.05,S2,1015,xgb,0.9541327941853677,0.5440714526428998,0.01641531847417348
MNAR,0.05,S2,1016,xgb,0.9531598214039857,0.5477291938676094,0.01644186992198224
MNAR,0.05,S2,1017,xgb,0.9584150483789031,0.5533891170463139,0.01644987538456914
MNAR,0.05,S2,1018,xgb,0.9527864635100277,0.5300580011832619,0.0169435620307922
MNAR,0.05,S2,1019,xgb,0.9586739445395909,0.5710057151826577,0.01590453963726754
MNAR,0.05,S2,1020,xgb,0.9531581280530494,0.5471802660181713,0.01670255288481708
MNAR,0.1,S1,1001,xgb,0.966855894301869,0.6765753633844114,0.01502399127930398
MNAR,0.1,S1,1002,xgb,0.9646253692339781,0.6552236421296611,0.01545531656593076
MNAR,0.1,S1,1003,xgb,0.9686839652516372,0.6917851740567763,0.014193399623036321
MNAR,0.1,S1,1004,xgb,0.9628133613657127,0.6645157617726796,0.01463504787534472
MNAR,0.1,S1,1005,xgb,0.9663148112454097,0.673725500907517,0.01528290770947928
MNAR,0.1,S1,1006,xgb,0.9633532241239964,0.6328038661401716,0.01611439716070886
MNAR,0.1,S1,1007,xgb,0.9696678980314527,0.6942390353672317,0.01453195158392186
MNAR,0.1,S1,1008,xgb,0.9655320807226916,0.6775112809609254,0.014784279279410778
MNAR,0.1,S1,1009,xgb,0.9693000368121396,0.6791045854980811,0.014593525603413541
MNAR,0.1,S1,1010,xgb,0.9721549047474527,0.7051279495850494,0.01399051938205952
MNAR,0.1,S1,1011,xgb,0.9674968821048667,0.6931297709975526,0.014216426201164659
MNAR,0.1,S1,1012,xgb,0.9650102182429047,0.6646137391412622,0.0148401359096169
MNAR,0.1,S1,1013,xgb,0.9748876632469937,0.6939187119160024,0.01496288590133186
MNAR,0.1,S1,1014,xgb,0.9635576369550629,0.6917184437205829,0.0144519126042723
MNAR,0.1,S1,1015,xgb,0.9702184644862845,0.685363155792719,0.014855040051042979
MNAR,0.1,S1,1016,xgb,0.9621790166142139,0.6421236126084013,0.0152711750939488
MNAR,0.1,S1,1017,xgb,0.9678252358032561,0.681334231262199,0.01458149217069144
MNAR,0.1,S1,1018,xgb,0.9710308078370808,0.6839358174056317,0.01480461265891786
MNAR,0.1,S1,1019,xgb,0.9776886234489741,0.7252110880284863,0.01382581274956458
MNAR,0.1,S1,1020,xgb,0.967353678505324,0.6528141866727515,0.0152816975489258
MNAR,0.1,S2,1001,xgb,0.9690168728038572,0.6812641359384755,0.01474929284304374
MNAR,0.1,S2,1002,xgb,0.9631980565963085,0.6460725249192497,0.01489142701029772
MNAR,0.1,S2,1003,xgb,0.9672660048684785,0.6836035236875488,0.014335749484598601
MNAR,0.1,S2,1004,xgb,0.9669971395398965,0.6691719230806824,0.0149160267785191
MNAR,0.1,S2,1005,xgb,0.9694440521962615,0.6704817420760054,0.01463231891393654
MNAR,0.1,S2,1006,xgb,0.9669994624293808,0.65232015011863,0.01508191153407092
MNAR,0.1,S2,1007,xgb,0.9715045864792264,0.68462513445347,0.014384688436984979
MNAR,0.1,S2,1008,xgb,0.9672114288541172,0.6865626054765988,0.014451382309198341
MNAR,0.1,S2,1009,xgb,0.9652513030140295,0.669670205029329,0.0147024024277925
MNAR,0.1,S2,1010,xgb,0.968842838846701,0.6626568248790566,0.015071996301412541
MNAR,0.1,S2,1011,xgb,0.9684357963731504,0.6795933966276395,0.01421510633081192
MNAR,0.1,S2,1012,xgb,0.9657632523223381,0.6594696577944577,0.01491602137684816
MNAR,0.1,S2,1013,xgb,0.9639801667738288,0.6645614633616471,0.014478692039847318
MNAR,0.1,S2,1014,xgb,0.9693691273978147,0.6958095143857921,0.01432485878467554
MNAR,0.1,S2,1015,xgb,0.9687644460381233,0.6578022145417309,0.015194662660360281
MNAR,0.1,S2,1016,xgb,0.9656474539907004,0.6519644576807491,0.015121483430266319
MNAR,0.1,S2,1017,xgb,0.9694198412288426,0.6591674165826573,0.014805580861866419
MNAR,0.1,S2,1018,xgb,0.970123776312831,0.6709213100374003,0.01455841772258278
MNAR,0.1,S2,1019,xgb,0.9666253405188778,0.6661532058203536,0.014838123135268642
MNAR,0.1,S2,1020,xgb,0.9694653849270388,0.698280320463034,0.01436047609895462
MNAR,0.2,S1,1001,xgb,0.9877208276407762,0.8263151744267413,0.01145344525575634
MNAR,0.2,S1,1002,xgb,0.9850397186336819,0.828933272823089,0.01079375557601448
MNAR,0.2,S1,1003,xgb,0.9860949922394733,0.8227030908236532,0.01132436282932754
MNAR,0.2,S1,1004,xgb,0.9884412448654066,0.8505649899344295,0.01084605548530812
MNAR,0.2,S1,1005,xgb,0.9861446401043586,0.8321433590030853,0.01140322722494598
MNAR,0.2,S1,1006,xgb,0.9904729598373028,0.8652940688241539,0.0101152433082461
MNAR,0.2,S1,1007,xgb,0.9912409605983339,0.8654536567999113,0.01045135464519258
MNAR,0.2,S1,1008,xgb,0.9885327425980283,0.8384638080568445,0.01091541498899456
MNAR,0.2,S1,1009,xgb,0.9873917856138726,0.8381812321383995,0.010680635645985561
MNAR,0.2,S1,1010,xgb,0.9903562528328258,0.8481436968930034,0.01127584390342228
MNAR,0.2,S1,1011,xgb,0.9879387802898412,0.8343412330027282,0.011134510673582499
MNAR,0.2,S1,1012,xgb,0.9866596213506874,0.8377311755044602,0.0106598779559135
MNAR,0.2,S1,1013,xgb,0.9895795115558681,0.8614058961751638,0.010460360534489099
MNAR,0.2,S1,1014,xgb,0.9881582644510857,0.8459662018573983,0.0107491541653871
MNAR,0.2,S1,1015,xgb,0.9871998857397678,0.827949810067284,0.0112804444506764
MNAR,0.2,S1,1016,xgb,0.9886978364836055,0.843363471307722,0.011265218257904
MNAR,0.2,S1,1017,xgb,0.9847983091364231,0.8107677261458412,0.01134077496826644
MNAR,0.2,S1,1018,xgb,0.9914432083997486,0.8587298637843299,0.010501844063401159
MNAR,0.2,S1,1019,xgb,0.991576576709097,0.840476135814957,0.01090861633419986
MNAR,0.2,S1,1020,xgb,0.9824494912083057,0.8250077167300377,0.01110259573906656
MNAR,0.2,S2,1001,xgb,0.9849043195393115,0.819680392089686,0.01133954003453248
MNAR,0.2,S2,1002,xgb,0.9849235292019378,0.807790294614293,0.012214855663478321
MNAR,0.2,S2,1003,xgb,0.989287801775772,0.8508588413374648,0.01039570011198516
MNAR,0.2,S2,1004,xgb,0.9889673824592304,0.8310617879912222,0.01106825768947596
MNAR,0.2,S2,1005,xgb,0.9883454579592709,0.8392928859061618,0.010863721184432459
MNAR,0.2,S2,1006,xgb,0.9869176953638721,0.8439701540598333,0.0109012493863701
MNAR,0.2,S2,1007,xgb,0.9863101658716685,0.8157104747394521,0.01103570833802218
MNAR,0.2,S2,1008,xgb,0.9866621920289186,0.8134886898660938,0.01124211642891164
MNAR,0.2,S2,1009,xgb,0.9894213559013757,0.8495954720693394,0.010564103536307759
MNAR,0.2,S2,1010,xgb,0.9876101982576848,0.8217687676176085,0.01152322776615618
MNAR,0.2,S2,1011,xgb,0.9905165302220894,0.8566395762485278,0.01046560518443582
MNAR,0.2,S2,1012,xgb,0.9894815318653256,0.8482082004162089,0.01064794287085526
MNAR,0.2,S2,1013,xgb,0.9887488376773972,0.8381431129318851,0.01076864190399642
MNAR,0.2,S2,1014,xgb,0.9858184636984515,0.8206897654862899,0.011292949877679299
MNAR,0.2,S2,1015,xgb,0.9876299984059769,0.8165424979085465,0.01135641485452648
MNAR,0.2,S2,1016,xgb,0.9901873055670686,0.8616372931849015,0.009848546050488901
MNAR,0.2,S2,1017,xgb,0.9855407560287777,0.8361160787941424,0.01068560183048244
MNAR,0.2,S2,1018,xgb,0.9859065168616293,0.8590313991542606,0.010032422840595221
MNAR,0.2,S2,1019,xgb,0.9859932622870708,0.8462013677778295,0.01058159247040744
MNAR,0.2,S2,1020,xgb,0.9874493229688236,0.8329438800949107,0.010475108958780701
MNAR,0.3,S1,1001,xgb,0.9949365600616658,0.8507899621485698,0.00887117376551028
MNAR,0.3,S1,1002,xgb,0.9951662841590931,0.8702516040581884,0.00861791968345636
MNAR,0.3,S1,1003,xgb,0.9948506914528862,0.8648704469007722,0.00829947637394066
MNAR,0.3,S1,1004,xgb,0.9948463874499283,0.8675196142086488,0.009011271968483881
MNAR,0.3,S1,1005,xgb,0.9952692766462514,0.8810062436838528,0.00829534288495774
MNAR,0.3,S1,1006,xgb,0.9944465261057358,0.8643021483610187,0.00904200756922358
MNAR,0.3,S1,1007,xgb,0.9937485282540607,0.8710890641893071,0.00849424414336676
MNAR,0.3,S1,1008,xgb,0.9951251074530152,0.87740721852998,0.00800669509917494
MNAR,0.3,S1,1009,xgb,0.9938692352075977,0.8347369798979217,0.00969090536236758
MNAR,0.3,S1,1010,xgb,0.9961884093324512,0.8978204962368205,0.00811312803998584
MNAR,0.3,S1,1011,xgb,0.9932495079648762,0.8641049642090657,0.008775441534817161
MNAR,0.3,S1,1012,xgb,0.9942696550270901,0.8720826731915752,0.008242975454777441
MNAR,0.3,S1,1013,xgb,0.9938315286702434,0.8761161588046141,0.008131557889282682
MNAR,0.3,S1,1014,xgb,0.9940270858029857,0.8430479281450862,0.00872461618855592
MNAR,0.3,S1,1015,xgb,0.9946795319756496,0.8761811363423881,0.00840064352378244
MNAR,0.3,S1,1016,xgb,0.9941732764134132,0.8540893308753427,0.00887414300814266
MNAR,0.3,S1,1017,xgb,0.994277425344728,0.8730073420632664,0.0085933168418705
MNAR,0.3,S1,1018,xgb,0.9935113057464313,0.8742043263696541,0.00840897848829622
MNAR,0.3,S1,1019,rf,0.9948787942179385,0.8662943556691548,0.01204342724366042
MNAR,0.3,S1,1020,xgb,0.9947839129598519,0.8800358180770129,0.0079073793254792
MNAR,0.3,S2,1001,xgb,0.9931834591268899,0.8190338040476993,0.00964196287095542
MNAR,0.3,S2,1002,xgb,0.995696810628225,0.895376131501495,0.0078049579635262
MNAR,0.3,S2,1003,xgb,0.9938161870894117,0.8631174929426416,0.008516682218760199
MNAR,0.3,S2,1004,rf,0.9942739966236015,0.8628427008319999,0.0113263246153452
MNAR,0.3,S2,1005,rf,0.9959284366475625,0.8903398166826386,0.01098663693219866
MNAR,0.3,S2,1006,rf,0.9944112637947555,0.86280285816343,0.01143755867294984
MNAR,0.3,S2,1007,xgb,0.9964194476050661,0.8946451435485063,0.00764762498438354
MNAR,0.3,S2,1008,xgb,0.9938603096356917,0.8503161216421496,0.00918066985905166
MNAR,0.3,S2,1009,xgb,0.9943752660844852,0.871008279382284,0.008339150249957999
MNAR,0.3,S2,1010,xgb,0.9951212877395967,0.8752063766933056,0.00837479289621108
MNAR,0.3,S2,1011,xgb,0.992357766720404,0.8350942567970406,0.00954819135367864
MNAR,0.3,S2,1012,xgb,0.9937715293135359,0.8654947842527593,0.008780407998710821
MNAR,0.3,S2,1013,xgb,0.9957134505402261,0.886441641429691,0.00791803011670702
MNAR,0.3,S2,1014,xgb,0.9939213680819984,0.8471556111752448,0.00942528694868084
MNAR,0.3,S2,1015,xgb,0.993991842474766,0.8539542140385624,0.009237198065966321
MNAR,0.3,S2,1016,xgb,0.9951844285875587,0.8637471034475139,0.00903879674151534
MNAR,0.3,S2,1017,xgb,0.9940115214247237,0.8662928413271217,0.008713783510029261
MNAR,0.3,S2,1018,rf,0.9926028529862405,0.8538445109646513,0.012703504404735699
MNAR,0.3,S2,1019,rf,0.9948914278618881,0.8540591797982378,0.011939740347149641
MNAR,0.3,S2,1020,rf,0.9957140947153388,0.8673821661166654,0.01185141019993248
MNAR,0.4,S1,1001,rf,0.9991475379455608,0.9445283779989598,0.00485220525736906
MNAR,0.4,S1,1002,rf,0.9982673238751826,0.8972488638067017,0.00581757161279022
MNAR,0.4,S1,1003,rf,0.9985335021458358,0.910084918381715,0.00545374270475528
MNAR,0.4,S1,1004,rf,0.999016428871774,0.9511730702085408,0.00525388931986768
MNAR,0.4,S1,1005,rf,0.9982865868203616,0.901815288278193,0.00586640097735824
MNAR,0.4,S1,1006,rf,0.9987310249627699,0.934508679254409,0.00538996292707514
MNAR,0.4,S1,1007,rf,0.9983457024830544,0.9026659115044374,0.00584021944875424
MNAR,0.4,S1,1008,rf,0.9980326391460501,0.8813401223146948,0.00617988781686918
MNAR,0.4,S1,1009,rf,0.9982521507167114,0.8983803667961048,0.00577902591385394
MNAR,0.4,S1,1010,rf,0.9982926391150517,0.9014075846229496,0.00589136941465614
MNAR,0.4,S1,1011,rf,0.9982574233882866,0.896943787069074,0.005671272102154
MNAR,0.4,S1,1012,rf,0.9985112601627593,0.905206762180965,0.005620472453535899
MNAR,0.4,S1,1013,rf,0.9985031787038352,0.9123954360143192,0.005776114051821881
MNAR,0.4,S1,1014,rf,0.9986575745986146,0.9297315761284285,0.0054976050383495
MNAR,0.4,S1,1015,rf,0.9981337523299718,0.9067881091208134,0.00612354805138024
MNAR,0.4,S1,1016,rf,0.9987073620920638,0.9297417920355162,0.00529816091104578
MNAR,0.4,S1,1017,rf,0.9979250247103394,0.8685494561404223,0.005972214543484599
MNAR,0.4,S1,1018,rf,0.9982723230551128,0.9054993096632508,0.00608871569438122
MNAR,0.4,S1,1019,rf,0.9984602421101332,0.910842831656432,0.00575257378397072
MNAR,0.4,S1,1020,rf,0.9982138248782146,0.8955609609975154,0.0058097000322041206
MNAR,0.4,S2,1001,xgb,0.9982255056685843,0.9047698065722241,0.00447301515378052
MNAR,0.4,S2,1002,rf,0.9980366309006475,0.8915805591010393,0.005894074871005199
MNAR,0.4,S2,1003,rf,0.9986280414669662,0.9285966857400825,0.00558361064631286
MNAR,0.4,S2,1004,rf,0.9985271628097889,0.9087617682318759,0.00539681326485682
MNAR,0.4,S2,1005,rf,0.9984168615762371,0.9092501903579958,0.0058369855453309
MNAR,0.4,S2,1006,xgb,0.9986910239754024,0.9273201582387884,0.0036165777593850394
MNAR,0.4,S2,1007,rf,0.9982189828799687,0.8987046931183862,0.005715677411891
MNAR,0.4,S2,1008,rf,0.9974513488893086,0.8529229582354281,0.006507424780915561
MNAR,0.4,S2,1009,rf,0.9988186216518586,0.9236891178257242,0.0050059010105843
MNAR,0.4,S2,1010,rf,0.9978981240116429,0.8793126828459481,0.00604331048761346
MNAR,0.4,S2,1011,rf,0.9988440493374784,0.933065307458115,0.00539522290548876
MNAR,0.4,S2,1012,rf,0.9985241374509446,0.918424034374788,0.005334762402815619
MNAR,0.4,S2,1013,xgb,0.9984599186958377,0.909143441239572,0.00423190928995604
MNAR,0.4,S2,1014,xgb,0.9983791156344104,0.926092783792028,0.00454430850222702
MNAR,0.4,S2,1015,rf,0.9986163361680311,0.919847232582784,0.005589922773684581
MNAR,0.4,S2,1016,xgb,0.9984176292225253,0.9128396312248199,0.00388361653313036
MNAR,0.4,S2,1017,rf,0.998459377931435,0.9092601857686768,0.00556281234946556
MNAR,0.4,S2,1018,rf,0.9985738896931791,0.9201603453445916,0.0054404614868081205
MNAR,0.4,S2,1019,rf,0.9988361664547176,0.9369884900832506,0.005331848145924601
MNAR,0.4,S2,1020,rf,0.9985032222225956,0.9110471142459294,0.0055818530017497005
MNAR,0.5,S1,1001,xgb,0.9978170315109829,0.8936700176316184,0.0049238562583923
MNAR,0.5,S1,1002,rf,0.9977385383751735,0.8908449381870357,0.0069241962948021
MNAR,0.5,S1,1003,xgb,0.9980581077269826,0.8786623019789472,0.004722961038351
MNAR,0.5,S1,1004,rf,0.9982028456980727,0.8898687286537896,0.0066113401056692
MNAR,0.5,S1,1005,rf,0.9973479430187144,0.8547082595496439,0.00714982344505456
MNAR,0.5,S1,1006,rf,0.997904921464236,0.8716945618558569,0.0067885736174086
MNAR,0.5,S1,1007,xgb,0.9981876940926379,0.887616238020648,0.00434158551506692
MNAR,0.5,S1,1008,rf,0.9976958952964822,0.8510488274354323,0.0069636821402842
MNAR,0.5,S1,1009,xgb,0.9976294336193195,0.8640578595758915,0.0054193533957003995
MNAR,0.5,S1,1010,rf,0.9976571522681766,0.8686178967619252,0.007265367685076579
MNAR,0.5,S1,1011,rf,0.9980372495116958,0.8858220365339816,0.00647026981624754
MNAR,0.5,S1,1012,rf,0.9974947215655389,0.8577876415881646,0.006993086565644039
MNAR,0.5,S1,1013,xgb,0.997414151573007,0.8445303492951733,0.00525549668818704
MNAR,0.5,S1,1014,rf,0.9981884768841708,0.8896528479082264,0.006714255919513639
MNAR,0.5,S1,1015,rf,0.9978048554218264,0.8783404067272299,0.006966226660075241
MNAR,0.5,S1,1016,rf,0.997168176132887,0.8714595478940883,0.0073465664143776395
MNAR,0.5,S1,1017,xgb,0.997429356272824,0.86031870881886,0.0052883753553032405
MNAR,0.5,S1,1018,rf,0.9982611957514097,0.8913913384498409,0.00634968978583296
MNAR,0.5,S1,1019,xgb,0.9973917450996701,0.8492391795937058,0.0055122280493378
MNAR,0.5,S1,1020,xgb,0.9976815918662705,0.8669776638240293,0.00507226204499596
MNAR,0.5,S2,1001,xgb,0.998102060306859,0.9199596599606605,0.00443856385536486
MNAR,0.5,S2,1002,xgb,0.9978040361012723,0.8777371771159512,0.0049778255634009
MNAR,0.5,S2,1003,rf,0.9978062852832398,0.872091164138561,0.006864777343188281
MNAR,0.5,S2,1004,rf,0.9976179945273674,0.8797561586383391,0.007154380419877119
MNAR,0.5,S2,1005,rf,0.9979190760638982,0.8854853538279368,0.00645198545439334
MNAR,0.5,S2,1006,xgb,0.9979592760634741,0.8911952725030374,0.00502951978705816
MNAR,0.5,S2,1007,xgb,0.9980394031645983,0.8913756498739819,0.00476031061261886
MNAR,0.5,S2,1008,xgb,0.9975424139595571,0.8726827894837077,0.00520619032904502
MNAR,0.5,S2,1009,rf,0.9974242679123106,0.8632926738958842,0.0070123235893937
MNAR,0.5,S2,1010,xgb,0.9977646925650371,0.864312470163172,0.004707621410489
MNAR,0.5,S2,1011,xgb,0.9968503050416853,0.845702370523606,0.005446805432438801
MNAR,0.5,S2,1012,xgb,0.9980141288957551,0.8887599776892973,0.0046166630927473
MNAR,0.5,S2,1013,xgb,0.997575143400101,0.8685138141175119,0.00517757739871734
MNAR,0.5,S2,1014,rf,0.9975768743011703,0.8553884021611884,0.00690986438335838
MNAR,0.5,S2,1015,xgb,0.998141543136804,0.8949099088181608,0.0041695768013596
MNAR,0.5,S2,1016,xgb,0.9976586963562666,0.855198732623298,0.00501995738595722
MNAR,0.5,S2,1017,xgb,0.9981578078591762,0.9058942177850471,0.0045199446380138
MNAR,0.5,S2,1018,rf,0.9975260614508599,0.8681097404326248,0.0069737640271731
MNAR,0.5,S2,1019,rf,0.9977541603874167,0.8592794920598763,0.00695892473174758
MNAR,0.5,S2,1020,rf,0.9979845591194328,0.8771420209057661,0.006436776494008039
